[0.000000] (-) TimerEvent: {}
[0.000198] (encoder_interface) JobQueued: {'identifier': 'encoder_interface', 'dependencies': OrderedDict()}
[0.000492] (lane_detection) JobQueued: {'identifier': 'lane_detection', 'dependencies': OrderedDict()}
[0.000676] (lidar_interface) JobQueued: {'identifier': 'lidar_interface', 'dependencies': OrderedDict()}
[0.000749] (obstacle_detection) JobQueued: {'identifier': 'obstacle_detection', 'dependencies': OrderedDict()}
[0.000778] (planner) JobQueued: {'identifier': 'planner', 'dependencies': OrderedDict()}
[0.000856] (safety_manager) JobQueued: {'identifier': 'safety_manager', 'dependencies': OrderedDict()}
[0.000885] (sensor_fusion) JobQueued: {'identifier': 'sensor_fusion', 'dependencies': OrderedDict()}
[0.000910] (zed_interface) JobQueued: {'identifier': 'zed_interface', 'dependencies': OrderedDict()}
[0.000938] (controller) JobQueued: {'identifier': 'controller', 'dependencies': OrderedDict({'safety_manager': '/mnt/external/DIY/CameraModule/autonomous_rc/install/safety_manager'})}
[0.000966] (diagnostics) JobQueued: {'identifier': 'diagnostics', 'dependencies': OrderedDict({'safety_manager': '/mnt/external/DIY/CameraModule/autonomous_rc/install/safety_manager'})}
[0.001001] (recovery_manager) JobQueued: {'identifier': 'recovery_manager', 'dependencies': OrderedDict({'safety_manager': '/mnt/external/DIY/CameraModule/autonomous_rc/install/safety_manager'})}
[0.001090] (safety_manager) JobStarted: {'identifier': 'safety_manager'}
[0.007655] (encoder_interface) JobStarted: {'identifier': 'encoder_interface'}
[0.009805] (lane_detection) JobStarted: {'identifier': 'lane_detection'}
[0.012348] (lidar_interface) JobStarted: {'identifier': 'lidar_interface'}
[0.015145] (obstacle_detection) JobStarted: {'identifier': 'obstacle_detection'}
[0.017678] (planner) JobStarted: {'identifier': 'planner'}
[0.020191] (sensor_fusion) JobStarted: {'identifier': 'sensor_fusion'}
[0.022884] (zed_interface) JobStarted: {'identifier': 'zed_interface'}
[0.027193] (safety_manager) JobProgress: {'identifier': 'safety_manager', 'progress': 'cmake'}
[0.027692] (safety_manager) Command: {'cmd': ['/home/u_ramesa2/micromamba/envs/ros_env_jazzy/bin/cmake', '/mnt/external/DIY/CameraModule/autonomous_rc/src/safety_manager', '-DCMAKE_BUILD_TYPE=Release', '-DAMENT_CMAKE_SYMLINK_INSTALL=1', '-DCMAKE_INSTALL_PREFIX=/mnt/external/DIY/CameraModule/autonomous_rc/install/safety_manager'], 'cwd': '/mnt/external/DIY/CameraModule/autonomous_rc/build/safety_manager', 'env': OrderedDict({'CONDA_PROMPT_MODIFIER': '(ros_env_jazzy)', 'ROS_ETC_DIR': '/home/u_ramesa2/micromamba/envs/ros_env_jazzy/etc/ros', 'SHLVL': '0', 'HOME': '/home/u_ramesa2', 'CONDA_SHLVL': '1', 'OLDPWD': '/mnt/external/DIY/CameraModule/autonomous_rc', 'ROS_PYTHON_VERSION': '3', 'GTK_MODULES': 'appmenu-gtk-module', 'LC_CTYPE': 'C.UTF-8', 'UBUNTU_MENUPROXY': '1', 'ROS_DISTRO': 'jazzy', '_': '/home/u_ramesa2/micromamba/envs/ros_env_jazzy/bin/colcon', 'ROS_VERSION': '2', 'ROS_OS_OVERRIDE': 'conda:linux', 'PATH': '/usr/local/cuda/bin:/home/u_ramesa2/micromamba/envs/ros_env_jazzy/bin:/home/u_ramesa2/micromamba/condabin:/home/u_ramesa2/.local/bin:/usr/local/sbin:/usr/local/bin:/usr/sbin:/usr/bin:/sbin:/bin:/snap/bin:/opt/puppetlabs/bin', 'MAMBA_ROOT_PREFIX': '/home/u_ramesa2/micromamba', 'XML_CATALOG_FILES': 'file:///home/u_ramesa2/micromamba/envs/ros_env_jazzy/etc/xml/catalog file:///etc/xml/catalog', 'GSETTINGS_SCHEMA_DIR': '/home/u_ramesa2/micromamba/envs/ros_env_jazzy/share/glib-2.0/schemas', 'AMENT_PREFIX_PATH': '/home/u_ramesa2/micromamba/envs/ros_env_jazzy', 'CONDA_DEFAULT_ENV': 'ros_env_jazzy', 'ROS_AUTOMATIC_DISCOVERY_RANGE': 'SUBNET', 'PWD': '/mnt/external/DIY/CameraModule/autonomous_rc/build/safety_manager', 'XDG_DATA_DIRS': '/usr/share/gnome:/home/u_ramesa2/.local/share/flatpak/exports/share:/var/lib/flatpak/exports/share:/usr/local/share:/usr/share:/var/lib/snapd/desktop', 'PYTHONPATH': '/home/u_ramesa2/micromamba/envs/ros_env_jazzy/lib/python/site-packages:/home/u_ramesa2/micromamba/envs/ros_env_jazzy/lib/python3.12/site-packages', 'CONDA_PREFIX': '/home/u_ramesa2/micromamba/envs/ros_env_jazzy', 'GSETTINGS_SCHEMA_DIR_CONDA_BACKUP': '', 'COLCON': '1', 'MANPATH': ':/opt/puppetlabs/puppet/share/man', 'CMAKE_PREFIX_PATH': '/home/u_ramesa2/micromamba/envs/ros_env_jazzy'}), 'shell': False}
[0.029100] (encoder_interface) JobProgress: {'identifier': 'encoder_interface', 'progress': 'cmake'}
[0.029268] (encoder_interface) Command: {'cmd': ['/home/u_ramesa2/micromamba/envs/ros_env_jazzy/bin/cmake', '/mnt/external/DIY/CameraModule/autonomous_rc/src/encoder_interface', '-DCMAKE_BUILD_TYPE=Release', '-DAMENT_CMAKE_SYMLINK_INSTALL=1', '-DCMAKE_INSTALL_PREFIX=/mnt/external/DIY/CameraModule/autonomous_rc/install/encoder_interface'], 'cwd': '/mnt/external/DIY/CameraModule/autonomous_rc/build/encoder_interface', 'env': OrderedDict({'CONDA_PROMPT_MODIFIER': '(ros_env_jazzy)', 'ROS_ETC_DIR': '/home/u_ramesa2/micromamba/envs/ros_env_jazzy/etc/ros', 'SHLVL': '0', 'HOME': '/home/u_ramesa2', 'CONDA_SHLVL': '1', 'OLDPWD': '/mnt/external/DIY/CameraModule/autonomous_rc', 'ROS_PYTHON_VERSION': '3', 'GTK_MODULES': 'appmenu-gtk-module', 'LC_CTYPE': 'C.UTF-8', 'UBUNTU_MENUPROXY': '1', 'ROS_DISTRO': 'jazzy', '_': '/home/u_ramesa2/micromamba/envs/ros_env_jazzy/bin/colcon', 'ROS_VERSION': '2', 'ROS_OS_OVERRIDE': 'conda:linux', 'PATH': '/usr/local/cuda/bin:/home/u_ramesa2/micromamba/envs/ros_env_jazzy/bin:/home/u_ramesa2/micromamba/condabin:/home/u_ramesa2/.local/bin:/usr/local/sbin:/usr/local/bin:/usr/sbin:/usr/bin:/sbin:/bin:/snap/bin:/opt/puppetlabs/bin', 'MAMBA_ROOT_PREFIX': '/home/u_ramesa2/micromamba', 'XML_CATALOG_FILES': 'file:///home/u_ramesa2/micromamba/envs/ros_env_jazzy/etc/xml/catalog file:///etc/xml/catalog', 'GSETTINGS_SCHEMA_DIR': '/home/u_ramesa2/micromamba/envs/ros_env_jazzy/share/glib-2.0/schemas', 'AMENT_PREFIX_PATH': '/home/u_ramesa2/micromamba/envs/ros_env_jazzy', 'CONDA_DEFAULT_ENV': 'ros_env_jazzy', 'ROS_AUTOMATIC_DISCOVERY_RANGE': 'SUBNET', 'PWD': '/mnt/external/DIY/CameraModule/autonomous_rc/build/encoder_interface', 'XDG_DATA_DIRS': '/usr/share/gnome:/home/u_ramesa2/.local/share/flatpak/exports/share:/var/lib/flatpak/exports/share:/usr/local/share:/usr/share:/var/lib/snapd/desktop', 'PYTHONPATH': '/home/u_ramesa2/micromamba/envs/ros_env_jazzy/lib/python/site-packages:/home/u_ramesa2/micromamba/envs/ros_env_jazzy/lib/python3.12/site-packages', 'CONDA_PREFIX': '/home/u_ramesa2/micromamba/envs/ros_env_jazzy', 'GSETTINGS_SCHEMA_DIR_CONDA_BACKUP': '', 'COLCON': '1', 'MANPATH': ':/opt/puppetlabs/puppet/share/man', 'CMAKE_PREFIX_PATH': '/home/u_ramesa2/micromamba/envs/ros_env_jazzy'}), 'shell': False}
[0.030378] (lane_detection) JobProgress: {'identifier': 'lane_detection', 'progress': 'cmake'}
[0.030686] (lane_detection) Command: {'cmd': ['/home/u_ramesa2/micromamba/envs/ros_env_jazzy/bin/cmake', '/mnt/external/DIY/CameraModule/autonomous_rc/src/lane_detection', '-DCMAKE_BUILD_TYPE=Release', '-DAMENT_CMAKE_SYMLINK_INSTALL=1', '-DCMAKE_INSTALL_PREFIX=/mnt/external/DIY/CameraModule/autonomous_rc/install/lane_detection'], 'cwd': '/mnt/external/DIY/CameraModule/autonomous_rc/build/lane_detection', 'env': OrderedDict({'CONDA_PROMPT_MODIFIER': '(ros_env_jazzy)', 'ROS_ETC_DIR': '/home/u_ramesa2/micromamba/envs/ros_env_jazzy/etc/ros', 'SHLVL': '0', 'HOME': '/home/u_ramesa2', 'CONDA_SHLVL': '1', 'OLDPWD': '/mnt/external/DIY/CameraModule/autonomous_rc', 'ROS_PYTHON_VERSION': '3', 'GTK_MODULES': 'appmenu-gtk-module', 'LC_CTYPE': 'C.UTF-8', 'UBUNTU_MENUPROXY': '1', 'ROS_DISTRO': 'jazzy', '_': '/home/u_ramesa2/micromamba/envs/ros_env_jazzy/bin/colcon', 'ROS_VERSION': '2', 'ROS_OS_OVERRIDE': 'conda:linux', 'PATH': '/usr/local/cuda/bin:/home/u_ramesa2/micromamba/envs/ros_env_jazzy/bin:/home/u_ramesa2/micromamba/condabin:/home/u_ramesa2/.local/bin:/usr/local/sbin:/usr/local/bin:/usr/sbin:/usr/bin:/sbin:/bin:/snap/bin:/opt/puppetlabs/bin', 'MAMBA_ROOT_PREFIX': '/home/u_ramesa2/micromamba', 'XML_CATALOG_FILES': 'file:///home/u_ramesa2/micromamba/envs/ros_env_jazzy/etc/xml/catalog file:///etc/xml/catalog', 'GSETTINGS_SCHEMA_DIR': '/home/u_ramesa2/micromamba/envs/ros_env_jazzy/share/glib-2.0/schemas', 'AMENT_PREFIX_PATH': '/home/u_ramesa2/micromamba/envs/ros_env_jazzy', 'CONDA_DEFAULT_ENV': 'ros_env_jazzy', 'ROS_AUTOMATIC_DISCOVERY_RANGE': 'SUBNET', 'PWD': '/mnt/external/DIY/CameraModule/autonomous_rc/build/lane_detection', 'XDG_DATA_DIRS': '/usr/share/gnome:/home/u_ramesa2/.local/share/flatpak/exports/share:/var/lib/flatpak/exports/share:/usr/local/share:/usr/share:/var/lib/snapd/desktop', 'PYTHONPATH': '/home/u_ramesa2/micromamba/envs/ros_env_jazzy/lib/python/site-packages:/home/u_ramesa2/micromamba/envs/ros_env_jazzy/lib/python3.12/site-packages', 'CONDA_PREFIX': '/home/u_ramesa2/micromamba/envs/ros_env_jazzy', 'GSETTINGS_SCHEMA_DIR_CONDA_BACKUP': '', 'COLCON': '1', 'MANPATH': ':/opt/puppetlabs/puppet/share/man', 'CMAKE_PREFIX_PATH': '/home/u_ramesa2/micromamba/envs/ros_env_jazzy'}), 'shell': False}
[0.031729] (lidar_interface) JobProgress: {'identifier': 'lidar_interface', 'progress': 'cmake'}
[0.032183] (lidar_interface) Command: {'cmd': ['/home/u_ramesa2/micromamba/envs/ros_env_jazzy/bin/cmake', '/mnt/external/DIY/CameraModule/autonomous_rc/src/lidar_interface', '-DCMAKE_BUILD_TYPE=Release', '-DAMENT_CMAKE_SYMLINK_INSTALL=1', '-DCMAKE_INSTALL_PREFIX=/mnt/external/DIY/CameraModule/autonomous_rc/install/lidar_interface'], 'cwd': '/mnt/external/DIY/CameraModule/autonomous_rc/build/lidar_interface', 'env': OrderedDict({'CONDA_PROMPT_MODIFIER': '(ros_env_jazzy)', 'ROS_ETC_DIR': '/home/u_ramesa2/micromamba/envs/ros_env_jazzy/etc/ros', 'SHLVL': '0', 'HOME': '/home/u_ramesa2', 'CONDA_SHLVL': '1', 'OLDPWD': '/mnt/external/DIY/CameraModule/autonomous_rc', 'ROS_PYTHON_VERSION': '3', 'GTK_MODULES': 'appmenu-gtk-module', 'LC_CTYPE': 'C.UTF-8', 'UBUNTU_MENUPROXY': '1', 'ROS_DISTRO': 'jazzy', '_': '/home/u_ramesa2/micromamba/envs/ros_env_jazzy/bin/colcon', 'ROS_VERSION': '2', 'ROS_OS_OVERRIDE': 'conda:linux', 'PATH': '/usr/local/cuda/bin:/home/u_ramesa2/micromamba/envs/ros_env_jazzy/bin:/home/u_ramesa2/micromamba/condabin:/home/u_ramesa2/.local/bin:/usr/local/sbin:/usr/local/bin:/usr/sbin:/usr/bin:/sbin:/bin:/snap/bin:/opt/puppetlabs/bin', 'MAMBA_ROOT_PREFIX': '/home/u_ramesa2/micromamba', 'XML_CATALOG_FILES': 'file:///home/u_ramesa2/micromamba/envs/ros_env_jazzy/etc/xml/catalog file:///etc/xml/catalog', 'GSETTINGS_SCHEMA_DIR': '/home/u_ramesa2/micromamba/envs/ros_env_jazzy/share/glib-2.0/schemas', 'AMENT_PREFIX_PATH': '/home/u_ramesa2/micromamba/envs/ros_env_jazzy', 'CONDA_DEFAULT_ENV': 'ros_env_jazzy', 'ROS_AUTOMATIC_DISCOVERY_RANGE': 'SUBNET', 'PWD': '/mnt/external/DIY/CameraModule/autonomous_rc/build/lidar_interface', 'XDG_DATA_DIRS': '/usr/share/gnome:/home/u_ramesa2/.local/share/flatpak/exports/share:/var/lib/flatpak/exports/share:/usr/local/share:/usr/share:/var/lib/snapd/desktop', 'PYTHONPATH': '/home/u_ramesa2/micromamba/envs/ros_env_jazzy/lib/python/site-packages:/home/u_ramesa2/micromamba/envs/ros_env_jazzy/lib/python3.12/site-packages', 'CONDA_PREFIX': '/home/u_ramesa2/micromamba/envs/ros_env_jazzy', 'GSETTINGS_SCHEMA_DIR_CONDA_BACKUP': '', 'COLCON': '1', 'MANPATH': ':/opt/puppetlabs/puppet/share/man', 'CMAKE_PREFIX_PATH': '/home/u_ramesa2/micromamba/envs/ros_env_jazzy'}), 'shell': False}
[0.033668] (obstacle_detection) JobProgress: {'identifier': 'obstacle_detection', 'progress': 'cmake'}
[0.034412] (obstacle_detection) Command: {'cmd': ['/home/u_ramesa2/micromamba/envs/ros_env_jazzy/bin/cmake', '/mnt/external/DIY/CameraModule/autonomous_rc/src/obstacle_detection', '-DCMAKE_BUILD_TYPE=Release', '-DAMENT_CMAKE_SYMLINK_INSTALL=1', '-DCMAKE_INSTALL_PREFIX=/mnt/external/DIY/CameraModule/autonomous_rc/install/obstacle_detection'], 'cwd': '/mnt/external/DIY/CameraModule/autonomous_rc/build/obstacle_detection', 'env': OrderedDict({'CONDA_PROMPT_MODIFIER': '(ros_env_jazzy)', 'ROS_ETC_DIR': '/home/u_ramesa2/micromamba/envs/ros_env_jazzy/etc/ros', 'SHLVL': '0', 'HOME': '/home/u_ramesa2', 'CONDA_SHLVL': '1', 'OLDPWD': '/mnt/external/DIY/CameraModule/autonomous_rc', 'ROS_PYTHON_VERSION': '3', 'GTK_MODULES': 'appmenu-gtk-module', 'LC_CTYPE': 'C.UTF-8', 'UBUNTU_MENUPROXY': '1', 'ROS_DISTRO': 'jazzy', '_': '/home/u_ramesa2/micromamba/envs/ros_env_jazzy/bin/colcon', 'ROS_VERSION': '2', 'ROS_OS_OVERRIDE': 'conda:linux', 'PATH': '/usr/local/cuda/bin:/home/u_ramesa2/micromamba/envs/ros_env_jazzy/bin:/home/u_ramesa2/micromamba/condabin:/home/u_ramesa2/.local/bin:/usr/local/sbin:/usr/local/bin:/usr/sbin:/usr/bin:/sbin:/bin:/snap/bin:/opt/puppetlabs/bin', 'MAMBA_ROOT_PREFIX': '/home/u_ramesa2/micromamba', 'XML_CATALOG_FILES': 'file:///home/u_ramesa2/micromamba/envs/ros_env_jazzy/etc/xml/catalog file:///etc/xml/catalog', 'GSETTINGS_SCHEMA_DIR': '/home/u_ramesa2/micromamba/envs/ros_env_jazzy/share/glib-2.0/schemas', 'AMENT_PREFIX_PATH': '/home/u_ramesa2/micromamba/envs/ros_env_jazzy', 'CONDA_DEFAULT_ENV': 'ros_env_jazzy', 'ROS_AUTOMATIC_DISCOVERY_RANGE': 'SUBNET', 'PWD': '/mnt/external/DIY/CameraModule/autonomous_rc/build/obstacle_detection', 'XDG_DATA_DIRS': '/usr/share/gnome:/home/u_ramesa2/.local/share/flatpak/exports/share:/var/lib/flatpak/exports/share:/usr/local/share:/usr/share:/var/lib/snapd/desktop', 'PYTHONPATH': '/home/u_ramesa2/micromamba/envs/ros_env_jazzy/lib/python/site-packages:/home/u_ramesa2/micromamba/envs/ros_env_jazzy/lib/python3.12/site-packages', 'CONDA_PREFIX': '/home/u_ramesa2/micromamba/envs/ros_env_jazzy', 'GSETTINGS_SCHEMA_DIR_CONDA_BACKUP': '', 'COLCON': '1', 'MANPATH': ':/opt/puppetlabs/puppet/share/man', 'CMAKE_PREFIX_PATH': '/home/u_ramesa2/micromamba/envs/ros_env_jazzy'}), 'shell': False}
[0.035463] (planner) JobProgress: {'identifier': 'planner', 'progress': 'cmake'}
[0.036000] (planner) Command: {'cmd': ['/home/u_ramesa2/micromamba/envs/ros_env_jazzy/bin/cmake', '/mnt/external/DIY/CameraModule/autonomous_rc/src/planner', '-DCMAKE_BUILD_TYPE=Release', '-DAMENT_CMAKE_SYMLINK_INSTALL=1', '-DCMAKE_INSTALL_PREFIX=/mnt/external/DIY/CameraModule/autonomous_rc/install/planner'], 'cwd': '/mnt/external/DIY/CameraModule/autonomous_rc/build/planner', 'env': OrderedDict({'CONDA_PROMPT_MODIFIER': '(ros_env_jazzy)', 'ROS_ETC_DIR': '/home/u_ramesa2/micromamba/envs/ros_env_jazzy/etc/ros', 'SHLVL': '0', 'HOME': '/home/u_ramesa2', 'CONDA_SHLVL': '1', 'OLDPWD': '/mnt/external/DIY/CameraModule/autonomous_rc', 'ROS_PYTHON_VERSION': '3', 'GTK_MODULES': 'appmenu-gtk-module', 'LC_CTYPE': 'C.UTF-8', 'UBUNTU_MENUPROXY': '1', 'ROS_DISTRO': 'jazzy', '_': '/home/u_ramesa2/micromamba/envs/ros_env_jazzy/bin/colcon', 'ROS_VERSION': '2', 'ROS_OS_OVERRIDE': 'conda:linux', 'PATH': '/usr/local/cuda/bin:/home/u_ramesa2/micromamba/envs/ros_env_jazzy/bin:/home/u_ramesa2/micromamba/condabin:/home/u_ramesa2/.local/bin:/usr/local/sbin:/usr/local/bin:/usr/sbin:/usr/bin:/sbin:/bin:/snap/bin:/opt/puppetlabs/bin', 'MAMBA_ROOT_PREFIX': '/home/u_ramesa2/micromamba', 'XML_CATALOG_FILES': 'file:///home/u_ramesa2/micromamba/envs/ros_env_jazzy/etc/xml/catalog file:///etc/xml/catalog', 'GSETTINGS_SCHEMA_DIR': '/home/u_ramesa2/micromamba/envs/ros_env_jazzy/share/glib-2.0/schemas', 'AMENT_PREFIX_PATH': '/home/u_ramesa2/micromamba/envs/ros_env_jazzy', 'CONDA_DEFAULT_ENV': 'ros_env_jazzy', 'ROS_AUTOMATIC_DISCOVERY_RANGE': 'SUBNET', 'PWD': '/mnt/external/DIY/CameraModule/autonomous_rc/build/planner', 'XDG_DATA_DIRS': '/usr/share/gnome:/home/u_ramesa2/.local/share/flatpak/exports/share:/var/lib/flatpak/exports/share:/usr/local/share:/usr/share:/var/lib/snapd/desktop', 'PYTHONPATH': '/home/u_ramesa2/micromamba/envs/ros_env_jazzy/lib/python/site-packages:/home/u_ramesa2/micromamba/envs/ros_env_jazzy/lib/python3.12/site-packages', 'CONDA_PREFIX': '/home/u_ramesa2/micromamba/envs/ros_env_jazzy', 'GSETTINGS_SCHEMA_DIR_CONDA_BACKUP': '', 'COLCON': '1', 'MANPATH': ':/opt/puppetlabs/puppet/share/man', 'CMAKE_PREFIX_PATH': '/home/u_ramesa2/micromamba/envs/ros_env_jazzy'}), 'shell': False}
[0.037561] (sensor_fusion) JobProgress: {'identifier': 'sensor_fusion', 'progress': 'cmake'}
[0.037890] (sensor_fusion) Command: {'cmd': ['/home/u_ramesa2/micromamba/envs/ros_env_jazzy/bin/cmake', '/mnt/external/DIY/CameraModule/autonomous_rc/src/sensor_fusion', '-DCMAKE_BUILD_TYPE=Release', '-DAMENT_CMAKE_SYMLINK_INSTALL=1', '-DCMAKE_INSTALL_PREFIX=/mnt/external/DIY/CameraModule/autonomous_rc/install/sensor_fusion'], 'cwd': '/mnt/external/DIY/CameraModule/autonomous_rc/build/sensor_fusion', 'env': OrderedDict({'CONDA_PROMPT_MODIFIER': '(ros_env_jazzy)', 'ROS_ETC_DIR': '/home/u_ramesa2/micromamba/envs/ros_env_jazzy/etc/ros', 'SHLVL': '0', 'HOME': '/home/u_ramesa2', 'CONDA_SHLVL': '1', 'OLDPWD': '/mnt/external/DIY/CameraModule/autonomous_rc', 'ROS_PYTHON_VERSION': '3', 'GTK_MODULES': 'appmenu-gtk-module', 'LC_CTYPE': 'C.UTF-8', 'UBUNTU_MENUPROXY': '1', 'ROS_DISTRO': 'jazzy', '_': '/home/u_ramesa2/micromamba/envs/ros_env_jazzy/bin/colcon', 'ROS_VERSION': '2', 'ROS_OS_OVERRIDE': 'conda:linux', 'PATH': '/usr/local/cuda/bin:/home/u_ramesa2/micromamba/envs/ros_env_jazzy/bin:/home/u_ramesa2/micromamba/condabin:/home/u_ramesa2/.local/bin:/usr/local/sbin:/usr/local/bin:/usr/sbin:/usr/bin:/sbin:/bin:/snap/bin:/opt/puppetlabs/bin', 'MAMBA_ROOT_PREFIX': '/home/u_ramesa2/micromamba', 'XML_CATALOG_FILES': 'file:///home/u_ramesa2/micromamba/envs/ros_env_jazzy/etc/xml/catalog file:///etc/xml/catalog', 'GSETTINGS_SCHEMA_DIR': '/home/u_ramesa2/micromamba/envs/ros_env_jazzy/share/glib-2.0/schemas', 'AMENT_PREFIX_PATH': '/home/u_ramesa2/micromamba/envs/ros_env_jazzy', 'CONDA_DEFAULT_ENV': 'ros_env_jazzy', 'ROS_AUTOMATIC_DISCOVERY_RANGE': 'SUBNET', 'PWD': '/mnt/external/DIY/CameraModule/autonomous_rc/build/sensor_fusion', 'XDG_DATA_DIRS': '/usr/share/gnome:/home/u_ramesa2/.local/share/flatpak/exports/share:/var/lib/flatpak/exports/share:/usr/local/share:/usr/share:/var/lib/snapd/desktop', 'PYTHONPATH': '/home/u_ramesa2/micromamba/envs/ros_env_jazzy/lib/python/site-packages:/home/u_ramesa2/micromamba/envs/ros_env_jazzy/lib/python3.12/site-packages', 'CONDA_PREFIX': '/home/u_ramesa2/micromamba/envs/ros_env_jazzy', 'GSETTINGS_SCHEMA_DIR_CONDA_BACKUP': '', 'COLCON': '1', 'MANPATH': ':/opt/puppetlabs/puppet/share/man', 'CMAKE_PREFIX_PATH': '/home/u_ramesa2/micromamba/envs/ros_env_jazzy'}), 'shell': False}
[0.039759] (zed_interface) JobProgress: {'identifier': 'zed_interface', 'progress': 'cmake'}
[0.040435] (zed_interface) Command: {'cmd': ['/home/u_ramesa2/micromamba/envs/ros_env_jazzy/bin/cmake', '/mnt/external/DIY/CameraModule/autonomous_rc/src/zed_interface', '-DCMAKE_BUILD_TYPE=Release', '-DAMENT_CMAKE_SYMLINK_INSTALL=1', '-DCMAKE_INSTALL_PREFIX=/mnt/external/DIY/CameraModule/autonomous_rc/install/zed_interface'], 'cwd': '/mnt/external/DIY/CameraModule/autonomous_rc/build/zed_interface', 'env': OrderedDict({'CONDA_PROMPT_MODIFIER': '(ros_env_jazzy)', 'ROS_ETC_DIR': '/home/u_ramesa2/micromamba/envs/ros_env_jazzy/etc/ros', 'SHLVL': '0', 'HOME': '/home/u_ramesa2', 'CONDA_SHLVL': '1', 'OLDPWD': '/mnt/external/DIY/CameraModule/autonomous_rc', 'ROS_PYTHON_VERSION': '3', 'GTK_MODULES': 'appmenu-gtk-module', 'LC_CTYPE': 'C.UTF-8', 'UBUNTU_MENUPROXY': '1', 'ROS_DISTRO': 'jazzy', '_': '/home/u_ramesa2/micromamba/envs/ros_env_jazzy/bin/colcon', 'ROS_VERSION': '2', 'ROS_OS_OVERRIDE': 'conda:linux', 'PATH': '/usr/local/cuda/bin:/home/u_ramesa2/micromamba/envs/ros_env_jazzy/bin:/home/u_ramesa2/micromamba/condabin:/home/u_ramesa2/.local/bin:/usr/local/sbin:/usr/local/bin:/usr/sbin:/usr/bin:/sbin:/bin:/snap/bin:/opt/puppetlabs/bin', 'MAMBA_ROOT_PREFIX': '/home/u_ramesa2/micromamba', 'XML_CATALOG_FILES': 'file:///home/u_ramesa2/micromamba/envs/ros_env_jazzy/etc/xml/catalog file:///etc/xml/catalog', 'GSETTINGS_SCHEMA_DIR': '/home/u_ramesa2/micromamba/envs/ros_env_jazzy/share/glib-2.0/schemas', 'AMENT_PREFIX_PATH': '/home/u_ramesa2/micromamba/envs/ros_env_jazzy', 'CONDA_DEFAULT_ENV': 'ros_env_jazzy', 'ROS_AUTOMATIC_DISCOVERY_RANGE': 'SUBNET', 'PWD': '/mnt/external/DIY/CameraModule/autonomous_rc/build/zed_interface', 'XDG_DATA_DIRS': '/usr/share/gnome:/home/u_ramesa2/.local/share/flatpak/exports/share:/var/lib/flatpak/exports/share:/usr/local/share:/usr/share:/var/lib/snapd/desktop', 'PYTHONPATH': '/home/u_ramesa2/micromamba/envs/ros_env_jazzy/lib/python/site-packages:/home/u_ramesa2/micromamba/envs/ros_env_jazzy/lib/python3.12/site-packages', 'CONDA_PREFIX': '/home/u_ramesa2/micromamba/envs/ros_env_jazzy', 'GSETTINGS_SCHEMA_DIR_CONDA_BACKUP': '', 'COLCON': '1', 'MANPATH': ':/opt/puppetlabs/puppet/share/man', 'CMAKE_PREFIX_PATH': '/home/u_ramesa2/micromamba/envs/ros_env_jazzy'}), 'shell': False}
[0.099768] (-) TimerEvent: {}
[0.100169] (lidar_interface) StdoutLine: {'line': b'-- The C compiler identification is GNU 15.3.0\n'}
[0.100573] (safety_manager) StdoutLine: {'line': b'-- The C compiler identification is GNU 15.3.0\n'}
[0.100856] (encoder_interface) StdoutLine: {'line': b'-- The C compiler identification is GNU 15.3.0\n'}
[0.105354] (lane_detection) StdoutLine: {'line': b'-- The C compiler identification is GNU 15.3.0\n'}
[0.109065] (planner) StdoutLine: {'line': b'-- The C compiler identification is GNU 15.3.0\n'}
[0.110042] (sensor_fusion) StdoutLine: {'line': b'-- The C compiler identification is GNU 15.3.0\n'}
[0.110637] (obstacle_detection) StdoutLine: {'line': b'-- The C compiler identification is GNU 15.3.0\n'}
[0.126751] (zed_interface) StdoutLine: {'line': b'-- The C compiler identification is GNU 15.3.0\n'}
[0.199892] (-) TimerEvent: {}
[0.225212] (lidar_interface) StdoutLine: {'line': b'-- The CXX compiler identification is GNU 15.3.0\n'}
[0.236548] (lidar_interface) StdoutLine: {'line': b'-- Detecting C compiler ABI info\n'}
[0.238611] (sensor_fusion) StdoutLine: {'line': b'-- The CXX compiler identification is GNU 15.3.0\n'}
[0.245511] (safety_manager) StdoutLine: {'line': b'-- The CXX compiler identification is GNU 15.3.0\n'}
[0.247936] (obstacle_detection) StdoutLine: {'line': b'-- The CXX compiler identification is GNU 15.3.0\n'}
[0.250667] (sensor_fusion) StdoutLine: {'line': b'-- Detecting C compiler ABI info\n'}
[0.253281] (planner) StdoutLine: {'line': b'-- The CXX compiler identification is GNU 15.3.0\n'}
[0.256596] (lane_detection) StdoutLine: {'line': b'-- The CXX compiler identification is GNU 15.3.0\n'}
[0.257232] (safety_manager) StdoutLine: {'line': b'-- Detecting C compiler ABI info\n'}
[0.259590] (zed_interface) StdoutLine: {'line': b'-- The CXX compiler identification is GNU 15.3.0\n'}
[0.260821] (obstacle_detection) StdoutLine: {'line': b'-- Detecting C compiler ABI info\n'}
[0.266315] (planner) StdoutLine: {'line': b'-- Detecting C compiler ABI info\n'}
[0.269495] (lane_detection) StdoutLine: {'line': b'-- Detecting C compiler ABI info\n'}
[0.273331] (zed_interface) StdoutLine: {'line': b'-- Detecting C compiler ABI info\n'}
[0.299985] (-) TimerEvent: {}
[0.302776] (encoder_interface) StdoutLine: {'line': b'-- The CXX compiler identification is GNU 15.3.0\n'}
[0.315314] (encoder_interface) StdoutLine: {'line': b'-- Detecting C compiler ABI info\n'}
[0.343848] (lidar_interface) StdoutLine: {'line': b'-- Detecting C compiler ABI info - done\n'}
[0.357367] (sensor_fusion) StdoutLine: {'line': b'-- Detecting C compiler ABI info - done\n'}
[0.369400] (obstacle_detection) StdoutLine: {'line': b'-- Detecting C compiler ABI info - done\n'}
[0.369972] (safety_manager) StdoutLine: {'line': b'-- Detecting C compiler ABI info - done\n'}
[0.372530] (lidar_interface) StdoutLine: {'line': b'-- Check for working C compiler: /home/u_ramesa2/micromamba/envs/ros_env_jazzy/bin/cc - skipped\n'}
[0.372984] (lidar_interface) StdoutLine: {'line': b'-- Detecting C compile features\n'}
[0.373522] (lidar_interface) StdoutLine: {'line': b'-- Detecting C compile features - done\n'}
[0.373999] (lane_detection) StdoutLine: {'line': b'-- Detecting C compiler ABI info - done\n'}
[0.375026] (planner) StdoutLine: {'line': b'-- Detecting C compiler ABI info - done\n'}
[0.378691] (zed_interface) StdoutLine: {'line': b'-- Detecting C compiler ABI info - done\n'}
[0.384306] (sensor_fusion) StdoutLine: {'line': b'-- Check for working C compiler: /home/u_ramesa2/micromamba/envs/ros_env_jazzy/bin/cc - skipped\n'}
[0.384691] (sensor_fusion) StdoutLine: {'line': b'-- Detecting C compile features\n'}
[0.385311] (sensor_fusion) StdoutLine: {'line': b'-- Detecting C compile features - done\n'}
[0.390228] (lidar_interface) StdoutLine: {'line': b'-- Detecting CXX compiler ABI info\n'}
[0.395012] (obstacle_detection) StdoutLine: {'line': b'-- Check for working C compiler: /home/u_ramesa2/micromamba/envs/ros_env_jazzy/bin/cc - skipped\n'}
[0.395245] (safety_manager) StdoutLine: {'line': b'-- Check for working C compiler: /home/u_ramesa2/micromamba/envs/ros_env_jazzy/bin/cc - skipped\n'}
[0.395571] (obstacle_detection) StdoutLine: {'line': b'-- Detecting C compile features\n'}
[0.395724] (safety_manager) StdoutLine: {'line': b'-- Detecting C compile features\n'}
[0.396054] (obstacle_detection) StdoutLine: {'line': b'-- Detecting C compile features - done\n'}
[0.396229] (safety_manager) StdoutLine: {'line': b'-- Detecting C compile features - done\n'}
[0.398953] (lane_detection) StdoutLine: {'line': b'-- Check for working C compiler: /home/u_ramesa2/micromamba/envs/ros_env_jazzy/bin/cc - skipped\n'}
[0.399433] (lane_detection) StdoutLine: {'line': b'-- Detecting C compile features\n'}
[0.400158] (-) TimerEvent: {}
[0.400441] (lane_detection) StdoutLine: {'line': b'-- Detecting C compile features - done\n'}
[0.400619] (planner) StdoutLine: {'line': b'-- Check for working C compiler: /home/u_ramesa2/micromamba/envs/ros_env_jazzy/bin/cc - skipped\n'}
[0.401470] (planner) StdoutLine: {'line': b'-- Detecting C compile features\n'}
[0.401996] (planner) StdoutLine: {'line': b'-- Detecting C compile features - done\n'}
[0.402887] (sensor_fusion) StdoutLine: {'line': b'-- Detecting CXX compiler ABI info\n'}
[0.405588] (zed_interface) StdoutLine: {'line': b'-- Check for working C compiler: /home/u_ramesa2/micromamba/envs/ros_env_jazzy/bin/cc - skipped\n'}
[0.406318] (zed_interface) StdoutLine: {'line': b'-- Detecting C compile features\n'}
[0.406637] (zed_interface) StdoutLine: {'line': b'-- Detecting C compile features - done\n'}
[0.413817] (safety_manager) StdoutLine: {'line': b'-- Detecting CXX compiler ABI info\n'}
[0.414441] (obstacle_detection) StdoutLine: {'line': b'-- Detecting CXX compiler ABI info\n'}
[0.419503] (lane_detection) StdoutLine: {'line': b'-- Detecting CXX compiler ABI info\n'}
[0.423388] (planner) StdoutLine: {'line': b'-- Detecting CXX compiler ABI info\n'}
[0.427296] (zed_interface) StdoutLine: {'line': b'-- Detecting CXX compiler ABI info\n'}
[0.435544] (encoder_interface) StdoutLine: {'line': b'-- Detecting C compiler ABI info - done\n'}
[0.474130] (encoder_interface) StdoutLine: {'line': b'-- Check for working C compiler: /home/u_ramesa2/micromamba/envs/ros_env_jazzy/bin/cc - skipped\n'}
[0.474605] (encoder_interface) StdoutLine: {'line': b'-- Detecting C compile features\n'}
[0.475411] (encoder_interface) StdoutLine: {'line': b'-- Detecting C compile features - done\n'}
[0.497903] (encoder_interface) StdoutLine: {'line': b'-- Detecting CXX compiler ABI info\n'}
[0.500342] (-) TimerEvent: {}
[0.565183] (lidar_interface) StdoutLine: {'line': b'-- Detecting CXX compiler ABI info - done\n'}
[0.580611] (obstacle_detection) StdoutLine: {'line': b'-- Detecting CXX compiler ABI info - done\n'}
[0.587542] (lane_detection) StdoutLine: {'line': b'-- Detecting CXX compiler ABI info - done\n'}
[0.591407] (safety_manager) StdoutLine: {'line': b'-- Detecting CXX compiler ABI info - done\n'}
[0.595264] (lidar_interface) StdoutLine: {'line': b'-- Check for working CXX compiler: /home/u_ramesa2/micromamba/envs/ros_env_jazzy/bin/c++ - skipped\n'}
[0.595790] (lidar_interface) StdoutLine: {'line': b'-- Detecting CXX compile features\n'}
[0.596676] (lidar_interface) StdoutLine: {'line': b'-- Detecting CXX compile features - done\n'}
[0.596928] (planner) StdoutLine: {'line': b'-- Detecting CXX compiler ABI info - done\n'}
[0.601155] (-) TimerEvent: {}
[0.611148] (obstacle_detection) StdoutLine: {'line': b'-- Check for working CXX compiler: /home/u_ramesa2/micromamba/envs/ros_env_jazzy/bin/c++ - skipped\n'}
[0.611361] (lidar_interface) StdoutLine: {'line': b'-- Found ament_cmake: 2.5.6 (/home/u_ramesa2/micromamba/envs/ros_env_jazzy/share/ament_cmake/cmake)\n'}
[0.611604] (obstacle_detection) StdoutLine: {'line': b'-- Detecting CXX compile features\n'}
[0.612394] (obstacle_detection) StdoutLine: {'line': b'-- Detecting CXX compile features - done\n'}
[0.616676] (lane_detection) StdoutLine: {'line': b'-- Check for working CXX compiler: /home/u_ramesa2/micromamba/envs/ros_env_jazzy/bin/c++ - skipped\n'}
[0.617226] (lane_detection) StdoutLine: {'line': b'-- Detecting CXX compile features\n'}
[0.618429] (lane_detection) StdoutLine: {'line': b'-- Detecting CXX compile features - done\n'}
[0.624773] (safety_manager) StdoutLine: {'line': b'-- Check for working CXX compiler: /home/u_ramesa2/micromamba/envs/ros_env_jazzy/bin/c++ - skipped\n'}
[0.625262] (safety_manager) StdoutLine: {'line': b'-- Detecting CXX compile features\n'}
[0.626084] (safety_manager) StdoutLine: {'line': b'-- Detecting CXX compile features - done\n'}
[0.627184] (planner) StdoutLine: {'line': b'-- Check for working CXX compiler: /home/u_ramesa2/micromamba/envs/ros_env_jazzy/bin/c++ - skipped\n'}
[0.627856] (planner) StdoutLine: {'line': b'-- Detecting CXX compile features\n'}
[0.628804] (obstacle_detection) StdoutLine: {'line': b'-- Found ament_cmake: 2.5.6 (/home/u_ramesa2/micromamba/envs/ros_env_jazzy/share/ament_cmake/cmake)\n'}
[0.628961] (planner) StdoutLine: {'line': b'-- Detecting CXX compile features - done\n'}
[0.632687] (lane_detection) StdoutLine: {'line': b'-- Found ament_cmake: 2.5.6 (/home/u_ramesa2/micromamba/envs/ros_env_jazzy/share/ament_cmake/cmake)\n'}
[0.639801] (sensor_fusion) StdoutLine: {'line': b'-- Detecting CXX compiler ABI info - done\n'}
[0.641140] (safety_manager) StdoutLine: {'line': b'-- Found ament_cmake: 2.5.6 (/home/u_ramesa2/micromamba/envs/ros_env_jazzy/share/ament_cmake/cmake)\n'}
[0.644552] (planner) StdoutLine: {'line': b'-- Found ament_cmake: 2.5.6 (/home/u_ramesa2/micromamba/envs/ros_env_jazzy/share/ament_cmake/cmake)\n'}
[0.668213] (sensor_fusion) StdoutLine: {'line': b'-- Check for working CXX compiler: /home/u_ramesa2/micromamba/envs/ros_env_jazzy/bin/c++ - skipped\n'}
[0.668935] (sensor_fusion) StdoutLine: {'line': b'-- Detecting CXX compile features\n'}
[0.669998] (sensor_fusion) StdoutLine: {'line': b'-- Detecting CXX compile features - done\n'}
[0.678372] (zed_interface) StdoutLine: {'line': b'-- Detecting CXX compiler ABI info - done\n'}
[0.682744] (encoder_interface) StdoutLine: {'line': b'-- Detecting CXX compiler ABI info - done\n'}
[0.685127] (sensor_fusion) StdoutLine: {'line': b'-- Found ament_cmake: 2.5.6 (/home/u_ramesa2/micromamba/envs/ros_env_jazzy/share/ament_cmake/cmake)\n'}
[0.701250] (-) TimerEvent: {}
[0.703552] (zed_interface) StdoutLine: {'line': b'-- Check for working CXX compiler: /home/u_ramesa2/micromamba/envs/ros_env_jazzy/bin/c++ - skipped\n'}
[0.704233] (zed_interface) StdoutLine: {'line': b'-- Detecting CXX compile features\n'}
[0.705113] (zed_interface) StdoutLine: {'line': b'-- Detecting CXX compile features - done\n'}
[0.706982] (encoder_interface) StdoutLine: {'line': b'-- Check for working CXX compiler: /home/u_ramesa2/micromamba/envs/ros_env_jazzy/bin/c++ - skipped\n'}
[0.707644] (encoder_interface) StdoutLine: {'line': b'-- Detecting CXX compile features\n'}
[0.708553] (encoder_interface) StdoutLine: {'line': b'-- Detecting CXX compile features - done\n'}
[0.719356] (zed_interface) StdoutLine: {'line': b'-- Found ament_cmake: 2.5.6 (/home/u_ramesa2/micromamba/envs/ros_env_jazzy/share/ament_cmake/cmake)\n'}
[0.721677] (encoder_interface) StdoutLine: {'line': b'-- Found ament_cmake: 2.5.6 (/home/u_ramesa2/micromamba/envs/ros_env_jazzy/share/ament_cmake/cmake)\n'}
[0.801350] (-) TimerEvent: {}
[0.807948] (lidar_interface) StdoutLine: {'line': b'-- Found Python3: /home/u_ramesa2/micromamba/envs/ros_env_jazzy/bin/python3 (found version "3.12.14") found components: Interpreter\n'}
[0.829970] (obstacle_detection) StdoutLine: {'line': b'-- Found Python3: /home/u_ramesa2/micromamba/envs/ros_env_jazzy/bin/python3 (found version "3.12.14") found components: Interpreter\n'}
[0.830210] (safety_manager) StdoutLine: {'line': b'-- Found Python3: /home/u_ramesa2/micromamba/envs/ros_env_jazzy/bin/python3 (found version "3.12.14") found components: Interpreter\n'}
[0.830968] (lane_detection) StdoutLine: {'line': b'-- Found Python3: /home/u_ramesa2/micromamba/envs/ros_env_jazzy/bin/python3 (found version "3.12.14") found components: Interpreter\n'}
[0.838587] (planner) StdoutLine: {'line': b'-- Found Python3: /home/u_ramesa2/micromamba/envs/ros_env_jazzy/bin/python3 (found version "3.12.14") found components: Interpreter\n'}
[0.871224] (sensor_fusion) StdoutLine: {'line': b'-- Found Python3: /home/u_ramesa2/micromamba/envs/ros_env_jazzy/bin/python3 (found version "3.12.14") found components: Interpreter\n'}
[0.900859] (encoder_interface) StdoutLine: {'line': b'-- Found Python3: /home/u_ramesa2/micromamba/envs/ros_env_jazzy/bin/python3 (found version "3.12.14") found components: Interpreter\n'}
[0.901433] (-) TimerEvent: {}
[0.904112] (lidar_interface) StdoutLine: {'line': b'-- Override CMake install command with custom implementation using symlinks instead of copying resources\n'}
[0.906117] (zed_interface) StdoutLine: {'line': b'-- Found Python3: /home/u_ramesa2/micromamba/envs/ros_env_jazzy/bin/python3 (found version "3.12.14") found components: Interpreter\n'}
[0.920015] (safety_manager) StdoutLine: {'line': b'-- Override CMake install command with custom implementation using symlinks instead of copying resources\n'}
[0.921394] (obstacle_detection) StdoutLine: {'line': b'-- Override CMake install command with custom implementation using symlinks instead of copying resources\n'}
[0.937956] (planner) StdoutLine: {'line': b'-- Override CMake install command with custom implementation using symlinks instead of copying resources\n'}
[0.938291] (lane_detection) StdoutLine: {'line': b'-- Override CMake install command with custom implementation using symlinks instead of copying resources\n'}
[0.961063] (lidar_interface) StdoutLine: {'line': b'-- Found rclcpp: 28.1.21 (/home/u_ramesa2/micromamba/envs/ros_env_jazzy/share/rclcpp/cmake)\n'}
[0.974199] (obstacle_detection) StdoutLine: {'line': b'-- Found rclcpp: 28.1.21 (/home/u_ramesa2/micromamba/envs/ros_env_jazzy/share/rclcpp/cmake)\n'}
[0.982729] (safety_manager) StdoutLine: {'line': b'-- Found rclcpp: 28.1.21 (/home/u_ramesa2/micromamba/envs/ros_env_jazzy/share/rclcpp/cmake)\n'}
[0.983084] (sensor_fusion) StdoutLine: {'line': b'-- Override CMake install command with custom implementation using symlinks instead of copying resources\n'}
[0.989421] (encoder_interface) StdoutLine: {'line': b'-- Override CMake install command with custom implementation using symlinks instead of copying resources\n'}
[0.993017] (planner) StdoutLine: {'line': b'-- Found rclcpp: 28.1.21 (/home/u_ramesa2/micromamba/envs/ros_env_jazzy/share/rclcpp/cmake)\n'}
[0.996032] (lane_detection) StdoutLine: {'line': b'-- Found rclcpp: 28.1.21 (/home/u_ramesa2/micromamba/envs/ros_env_jazzy/share/rclcpp/cmake)\n'}
[1.001531] (-) TimerEvent: {}
[1.016275] (zed_interface) StdoutLine: {'line': b'-- Override CMake install command with custom implementation using symlinks instead of copying resources\n'}
[1.020724] (lidar_interface) StdoutLine: {'line': b'-- Found rosidl_generator_c: 4.6.9 (/home/u_ramesa2/micromamba/envs/ros_env_jazzy/share/rosidl_generator_c/cmake)\n'}
[1.032191] (obstacle_detection) StdoutLine: {'line': b'-- Found rosidl_generator_c: 4.6.9 (/home/u_ramesa2/micromamba/envs/ros_env_jazzy/share/rosidl_generator_c/cmake)\n'}
[1.037637] (sensor_fusion) StdoutLine: {'line': b'-- Found rclcpp: 28.1.21 (/home/u_ramesa2/micromamba/envs/ros_env_jazzy/share/rclcpp/cmake)\n'}
[1.040192] (lidar_interface) StdoutLine: {'line': b'-- Found rosidl_generator_cpp: 4.6.9 (/home/u_ramesa2/micromamba/envs/ros_env_jazzy/share/rosidl_generator_cpp/cmake)\n'}
[1.042241] (safety_manager) StdoutLine: {'line': b'-- Found rosidl_generator_c: 4.6.9 (/home/u_ramesa2/micromamba/envs/ros_env_jazzy/share/rosidl_generator_c/cmake)\n'}
[1.050182] (planner) StdoutLine: {'line': b'-- Found rosidl_generator_c: 4.6.9 (/home/u_ramesa2/micromamba/envs/ros_env_jazzy/share/rosidl_generator_c/cmake)\n'}
[1.053781] (lane_detection) StdoutLine: {'line': b'-- Found rosidl_generator_c: 4.6.9 (/home/u_ramesa2/micromamba/envs/ros_env_jazzy/share/rosidl_generator_c/cmake)\n'}
[1.054041] (obstacle_detection) StdoutLine: {'line': b'-- Found rosidl_generator_cpp: 4.6.9 (/home/u_ramesa2/micromamba/envs/ros_env_jazzy/share/rosidl_generator_cpp/cmake)\n'}
[1.057485] (encoder_interface) StdoutLine: {'line': b'-- Found rclcpp: 28.1.21 (/home/u_ramesa2/micromamba/envs/ros_env_jazzy/share/rclcpp/cmake)\n'}
[1.063817] (safety_manager) StdoutLine: {'line': b'-- Found rosidl_generator_cpp: 4.6.9 (/home/u_ramesa2/micromamba/envs/ros_env_jazzy/share/rosidl_generator_cpp/cmake)\n'}
[1.064054] (lidar_interface) StdoutLine: {'line': b'-- Using all available rosidl_typesupport_c: rosidl_typesupport_fastrtps_c;rosidl_typesupport_introspection_c\n'}
[1.067123] (zed_interface) StdoutLine: {'line': b'-- Found rclcpp: 28.1.21 (/home/u_ramesa2/micromamba/envs/ros_env_jazzy/share/rclcpp/cmake)\n'}
[1.071317] (planner) StdoutLine: {'line': b'-- Found rosidl_generator_cpp: 4.6.9 (/home/u_ramesa2/micromamba/envs/ros_env_jazzy/share/rosidl_generator_cpp/cmake)\n'}
[1.079998] (lane_detection) StdoutLine: {'line': b'-- Found rosidl_generator_cpp: 4.6.9 (/home/u_ramesa2/micromamba/envs/ros_env_jazzy/share/rosidl_generator_cpp/cmake)\n'}
[1.083487] (obstacle_detection) StdoutLine: {'line': b'-- Using all available rosidl_typesupport_c: rosidl_typesupport_fastrtps_c;rosidl_typesupport_introspection_c\n'}
[1.087508] (safety_manager) StdoutLine: {'line': b'-- Using all available rosidl_typesupport_c: rosidl_typesupport_fastrtps_c;rosidl_typesupport_introspection_c\n'}
[1.090047] (lidar_interface) StdoutLine: {'line': b'-- Using all available rosidl_typesupport_cpp: rosidl_typesupport_fastrtps_cpp;rosidl_typesupport_introspection_cpp\n'}
[1.094562] (planner) StdoutLine: {'line': b'-- Using all available rosidl_typesupport_c: rosidl_typesupport_fastrtps_c;rosidl_typesupport_introspection_c\n'}
[1.101626] (-) TimerEvent: {}
[1.103593] (lane_detection) StdoutLine: {'line': b'-- Using all available rosidl_typesupport_c: rosidl_typesupport_fastrtps_c;rosidl_typesupport_introspection_c\n'}
[1.110606] (obstacle_detection) StdoutLine: {'line': b'-- Using all available rosidl_typesupport_cpp: rosidl_typesupport_fastrtps_cpp;rosidl_typesupport_introspection_cpp\n'}
[1.112432] (sensor_fusion) StdoutLine: {'line': b'-- Found rosidl_generator_c: 4.6.9 (/home/u_ramesa2/micromamba/envs/ros_env_jazzy/share/rosidl_generator_c/cmake)\n'}
[1.113153] (safety_manager) StdoutLine: {'line': b'-- Using all available rosidl_typesupport_cpp: rosidl_typesupport_fastrtps_cpp;rosidl_typesupport_introspection_cpp\n'}
[1.116199] (encoder_interface) StdoutLine: {'line': b'-- Found rosidl_generator_c: 4.6.9 (/home/u_ramesa2/micromamba/envs/ros_env_jazzy/share/rosidl_generator_c/cmake)\n'}
[1.121127] (planner) StdoutLine: {'line': b'-- Using all available rosidl_typesupport_cpp: rosidl_typesupport_fastrtps_cpp;rosidl_typesupport_introspection_cpp\n'}
[1.125427] (zed_interface) StdoutLine: {'line': b'-- Found rosidl_generator_c: 4.6.9 (/home/u_ramesa2/micromamba/envs/ros_env_jazzy/share/rosidl_generator_c/cmake)\n'}
[1.128970] (lane_detection) StdoutLine: {'line': b'-- Using all available rosidl_typesupport_cpp: rosidl_typesupport_fastrtps_cpp;rosidl_typesupport_introspection_cpp\n'}
[1.136993] (encoder_interface) StdoutLine: {'line': b'-- Found rosidl_generator_cpp: 4.6.9 (/home/u_ramesa2/micromamba/envs/ros_env_jazzy/share/rosidl_generator_cpp/cmake)\n'}
[1.139933] (sensor_fusion) StdoutLine: {'line': b'-- Found rosidl_generator_cpp: 4.6.9 (/home/u_ramesa2/micromamba/envs/ros_env_jazzy/share/rosidl_generator_cpp/cmake)\n'}
[1.146473] (zed_interface) StdoutLine: {'line': b'-- Found rosidl_generator_cpp: 4.6.9 (/home/u_ramesa2/micromamba/envs/ros_env_jazzy/share/rosidl_generator_cpp/cmake)\n'}
[1.160645] (encoder_interface) StdoutLine: {'line': b'-- Using all available rosidl_typesupport_c: rosidl_typesupport_fastrtps_c;rosidl_typesupport_introspection_c\n'}
[1.169209] (zed_interface) StdoutLine: {'line': b'-- Using all available rosidl_typesupport_c: rosidl_typesupport_fastrtps_c;rosidl_typesupport_introspection_c\n'}
[1.170338] (sensor_fusion) StdoutLine: {'line': b'-- Using all available rosidl_typesupport_c: rosidl_typesupport_fastrtps_c;rosidl_typesupport_introspection_c\n'}
[1.185585] (encoder_interface) StdoutLine: {'line': b'-- Using all available rosidl_typesupport_cpp: rosidl_typesupport_fastrtps_cpp;rosidl_typesupport_introspection_cpp\n'}
[1.194883] (zed_interface) StdoutLine: {'line': b'-- Using all available rosidl_typesupport_cpp: rosidl_typesupport_fastrtps_cpp;rosidl_typesupport_introspection_cpp\n'}
[1.196242] (lidar_interface) StdoutLine: {'line': b'-- Found rmw_implementation_cmake: 7.3.3 (/home/u_ramesa2/micromamba/envs/ros_env_jazzy/share/rmw_implementation_cmake/cmake)\n'}
[1.200913] (lidar_interface) StdoutLine: {'line': b'-- Found rmw_fastrtps_cpp: 8.4.4 (/home/u_ramesa2/micromamba/envs/ros_env_jazzy/share/rmw_fastrtps_cpp/cmake)\n'}
[1.201696] (-) TimerEvent: {}
[1.206030] (sensor_fusion) StdoutLine: {'line': b'-- Using all available rosidl_typesupport_cpp: rosidl_typesupport_fastrtps_cpp;rosidl_typesupport_introspection_cpp\n'}
[1.220670] (safety_manager) StdoutLine: {'line': b'-- Found rmw_implementation_cmake: 7.3.3 (/home/u_ramesa2/micromamba/envs/ros_env_jazzy/share/rmw_implementation_cmake/cmake)\n'}
[1.224902] (obstacle_detection) StdoutLine: {'line': b'-- Found rmw_implementation_cmake: 7.3.3 (/home/u_ramesa2/micromamba/envs/ros_env_jazzy/share/rmw_implementation_cmake/cmake)\n'}
[1.225180] (safety_manager) StdoutLine: {'line': b'-- Found rmw_fastrtps_cpp: 8.4.4 (/home/u_ramesa2/micromamba/envs/ros_env_jazzy/share/rmw_fastrtps_cpp/cmake)\n'}
[1.229379] (obstacle_detection) StdoutLine: {'line': b'-- Found rmw_fastrtps_cpp: 8.4.4 (/home/u_ramesa2/micromamba/envs/ros_env_jazzy/share/rmw_fastrtps_cpp/cmake)\n'}
[1.237026] (planner) StdoutLine: {'line': b'-- Found rmw_implementation_cmake: 7.3.3 (/home/u_ramesa2/micromamba/envs/ros_env_jazzy/share/rmw_implementation_cmake/cmake)\n'}
[1.238115] (lane_detection) StdoutLine: {'line': b'-- Found rmw_implementation_cmake: 7.3.3 (/home/u_ramesa2/micromamba/envs/ros_env_jazzy/share/rmw_implementation_cmake/cmake)\n'}
[1.242706] (lane_detection) StdoutLine: {'line': b'-- Found rmw_fastrtps_cpp: 8.4.4 (/home/u_ramesa2/micromamba/envs/ros_env_jazzy/share/rmw_fastrtps_cpp/cmake)\n'}
[1.242902] (planner) StdoutLine: {'line': b'-- Found rmw_fastrtps_cpp: 8.4.4 (/home/u_ramesa2/micromamba/envs/ros_env_jazzy/share/rmw_fastrtps_cpp/cmake)\n'}
[1.299679] (encoder_interface) StdoutLine: {'line': b'-- Found rmw_implementation_cmake: 7.3.3 (/home/u_ramesa2/micromamba/envs/ros_env_jazzy/share/rmw_implementation_cmake/cmake)\n'}
[1.301802] (-) TimerEvent: {}
[1.305742] (encoder_interface) StdoutLine: {'line': b'-- Found rmw_fastrtps_cpp: 8.4.4 (/home/u_ramesa2/micromamba/envs/ros_env_jazzy/share/rmw_fastrtps_cpp/cmake)\n'}
[1.316942] (zed_interface) StdoutLine: {'line': b'-- Found rmw_implementation_cmake: 7.3.3 (/home/u_ramesa2/micromamba/envs/ros_env_jazzy/share/rmw_implementation_cmake/cmake)\n'}
[1.323213] (zed_interface) StdoutLine: {'line': b'-- Found rmw_fastrtps_cpp: 8.4.4 (/home/u_ramesa2/micromamba/envs/ros_env_jazzy/share/rmw_fastrtps_cpp/cmake)\n'}
[1.361036] (sensor_fusion) StdoutLine: {'line': b'-- Found rmw_implementation_cmake: 7.3.3 (/home/u_ramesa2/micromamba/envs/ros_env_jazzy/share/rmw_implementation_cmake/cmake)\n'}
[1.366972] (sensor_fusion) StdoutLine: {'line': b'-- Found rmw_fastrtps_cpp: 8.4.4 (/home/u_ramesa2/micromamba/envs/ros_env_jazzy/share/rmw_fastrtps_cpp/cmake)\n'}
[1.402476] (-) TimerEvent: {}
[1.502668] (-) TimerEvent: {}
[1.603047] (-) TimerEvent: {}
[1.696942] (lidar_interface) StdoutLine: {'line': b'-- Found OpenSSL: /home/u_ramesa2/micromamba/envs/ros_env_jazzy/lib/libcrypto.so (found version "3.6.4")\n'}
[1.703166] (-) TimerEvent: {}
[1.728746] (obstacle_detection) StdoutLine: {'line': b'-- Found OpenSSL: /home/u_ramesa2/micromamba/envs/ros_env_jazzy/lib/libcrypto.so (found version "3.6.4")\n'}
[1.730282] (safety_manager) StdoutLine: {'line': b'-- Found OpenSSL: /home/u_ramesa2/micromamba/envs/ros_env_jazzy/lib/libcrypto.so (found version "3.6.4")\n'}
[1.750628] (planner) StdoutLine: {'line': b'-- Found OpenSSL: /home/u_ramesa2/micromamba/envs/ros_env_jazzy/lib/libcrypto.so (found version "3.6.4")\n'}
[1.755216] (lidar_interface) StdoutLine: {'line': b'-- Found FastRTPS: /home/u_ramesa2/micromamba/envs/ros_env_jazzy/include (Required is at least version "2.13")\n'}
[1.764559] (lane_detection) StdoutLine: {'line': b'-- Found OpenSSL: /home/u_ramesa2/micromamba/envs/ros_env_jazzy/lib/libcrypto.so (found version "3.6.4")\n'}
[1.780043] (safety_manager) StdoutLine: {'line': b'-- Found FastRTPS: /home/u_ramesa2/micromamba/envs/ros_env_jazzy/include (Required is at least version "2.13")\n'}
[1.783526] (obstacle_detection) StdoutLine: {'line': b'-- Found FastRTPS: /home/u_ramesa2/micromamba/envs/ros_env_jazzy/include (Required is at least version "2.13")\n'}
[1.801918] (planner) StdoutLine: {'line': b'-- Found FastRTPS: /home/u_ramesa2/micromamba/envs/ros_env_jazzy/include (Required is at least version "2.13")\n'}
[1.803261] (-) TimerEvent: {}
[1.812413] (lane_detection) StdoutLine: {'line': b'-- Found FastRTPS: /home/u_ramesa2/micromamba/envs/ros_env_jazzy/include (Required is at least version "2.13")\n'}
[1.830044] (lidar_interface) StdoutLine: {'line': b"-- Using RMW implementation 'rmw_fastrtps_cpp' as default\n"}
[1.833554] (encoder_interface) StdoutLine: {'line': b'-- Found OpenSSL: /home/u_ramesa2/micromamba/envs/ros_env_jazzy/lib/libcrypto.so (found version "3.6.4")\n'}
[1.856211] (safety_manager) StdoutLine: {'line': b"-- Using RMW implementation 'rmw_fastrtps_cpp' as default\n"}
[1.856547] (zed_interface) StdoutLine: {'line': b'-- Found OpenSSL: /home/u_ramesa2/micromamba/envs/ros_env_jazzy/lib/libcrypto.so (found version "3.6.4")\n'}
[1.857524] (obstacle_detection) StdoutLine: {'line': b"-- Using RMW implementation 'rmw_fastrtps_cpp' as default\n"}
[1.877539] (encoder_interface) StdoutLine: {'line': b'-- Found FastRTPS: /home/u_ramesa2/micromamba/envs/ros_env_jazzy/include (Required is at least version "2.13")\n'}
[1.878502] (planner) StdoutLine: {'line': b"-- Using RMW implementation 'rmw_fastrtps_cpp' as default\n"}
[1.883455] (lane_detection) StdoutLine: {'line': b"-- Using RMW implementation 'rmw_fastrtps_cpp' as default\n"}
[1.892346] (sensor_fusion) StdoutLine: {'line': b'-- Found OpenSSL: /home/u_ramesa2/micromamba/envs/ros_env_jazzy/lib/libcrypto.so (found version "3.6.4")\n'}
[1.897330] (zed_interface) StdoutLine: {'line': b'-- Found FastRTPS: /home/u_ramesa2/micromamba/envs/ros_env_jazzy/include (Required is at least version "2.13")\n'}
[1.903506] (-) TimerEvent: {}
[1.935557] (sensor_fusion) StdoutLine: {'line': b'-- Found FastRTPS: /home/u_ramesa2/micromamba/envs/ros_env_jazzy/include (Required is at least version "2.13")\n'}
[1.946164] (encoder_interface) StdoutLine: {'line': b"-- Using RMW implementation 'rmw_fastrtps_cpp' as default\n"}
[1.958632] (zed_interface) StdoutLine: {'line': b"-- Using RMW implementation 'rmw_fastrtps_cpp' as default\n"}
[1.964294] (lidar_interface) StdoutLine: {'line': b'-- Found sensor_msgs: 5.3.8 (/home/u_ramesa2/micromamba/envs/ros_env_jazzy/share/sensor_msgs/cmake)\n'}
[1.982109] (obstacle_detection) StdoutLine: {'line': b'-- Found sensor_msgs: 5.3.8 (/home/u_ramesa2/micromamba/envs/ros_env_jazzy/share/sensor_msgs/cmake)\n'}
[1.988019] (safety_manager) StdoutLine: {'line': b'-- Found std_msgs: 5.3.8 (/home/u_ramesa2/micromamba/envs/ros_env_jazzy/share/std_msgs/cmake)\n'}
[1.992366] (sensor_fusion) StdoutLine: {'line': b"-- Using RMW implementation 'rmw_fastrtps_cpp' as default\n"}
[2.003603] (-) TimerEvent: {}
[2.010346] (safety_manager) StdoutLine: {'line': b'-- Found ackermann_msgs: 2.0.2 (/home/u_ramesa2/micromamba/envs/ros_env_jazzy/share/ackermann_msgs/cmake)\n'}
[2.015981] (planner) StdoutLine: {'line': b'-- Found nav_msgs: 5.3.8 (/home/u_ramesa2/micromamba/envs/ros_env_jazzy/share/nav_msgs/cmake)\n'}
[2.031727] (safety_manager) StdoutLine: {'line': b'-- Found rosidl_default_generators: 1.6.1 (/home/u_ramesa2/micromamba/envs/ros_env_jazzy/share/rosidl_default_generators/cmake)\n'}
[2.038381] (lane_detection) StdoutLine: {'line': b'-- Found sensor_msgs: 5.3.8 (/home/u_ramesa2/micromamba/envs/ros_env_jazzy/share/sensor_msgs/cmake)\n'}
[2.051417] (lidar_interface) StdoutLine: {'line': b'-- Found ament_lint_auto: 0.17.5 (/home/u_ramesa2/micromamba/envs/ros_env_jazzy/share/ament_lint_auto/cmake)\n'}
[2.054541] (encoder_interface) StdoutLine: {'line': b'-- Found std_msgs: 5.3.8 (/home/u_ramesa2/micromamba/envs/ros_env_jazzy/share/std_msgs/cmake)\n'}
[2.057869] (safety_manager) StdoutLine: {'line': b'-- Found rosidl_adapter: 4.6.9 (/home/u_ramesa2/micromamba/envs/ros_env_jazzy/share/rosidl_adapter/cmake)\n'}
[2.063969] (obstacle_detection) StdoutLine: {'line': b'-- Found nav_msgs: 5.3.8 (/home/u_ramesa2/micromamba/envs/ros_env_jazzy/share/nav_msgs/cmake)\n'}
[2.064784] (zed_interface) StdoutLine: {'line': b'-- Found sensor_msgs: 5.3.8 (/home/u_ramesa2/micromamba/envs/ros_env_jazzy/share/sensor_msgs/cmake)\n'}
[2.101448] (obstacle_detection) StdoutLine: {'line': b'-- Found cv_bridge: 4.1.0 (/home/u_ramesa2/micromamba/envs/ros_env_jazzy/share/cv_bridge/cmake)\n'}
[2.103684] (-) TimerEvent: {}
[2.104711] (sensor_fusion) StdoutLine: {'line': b'-- Found nav_msgs: 5.3.8 (/home/u_ramesa2/micromamba/envs/ros_env_jazzy/share/nav_msgs/cmake)\n'}
[2.109261] (encoder_interface) StdoutLine: {'line': b'-- encoder_interface: libgpiod-dev not found (sudo apt install libgpiod-dev) \xe2\x80\x94 building with a zero-output fallback reader\n'}
[2.111914] (planner) StdoutLine: {'line': b'-- Found ament_lint_auto: 0.17.5 (/home/u_ramesa2/micromamba/envs/ros_env_jazzy/share/ament_lint_auto/cmake)\n'}
[2.114381] (encoder_interface) StdoutLine: {'line': b'-- Found ament_lint_auto: 0.17.5 (/home/u_ramesa2/micromamba/envs/ros_env_jazzy/share/ament_lint_auto/cmake)\n'}
[2.118498] (obstacle_detection) StdoutLine: {'line': b'-- Found OpenCV: /home/u_ramesa2/micromamba/envs/ros_env_jazzy (found version "4.13.0")\n'}
[2.125409] (obstacle_detection) StdoutLine: {'line': b'-- Found ament_lint_auto: 0.17.5 (/home/u_ramesa2/micromamba/envs/ros_env_jazzy/share/ament_lint_auto/cmake)\n'}
[2.159523] (lane_detection) StdoutLine: {'line': b'-- Found nav_msgs: 5.3.8 (/home/u_ramesa2/micromamba/envs/ros_env_jazzy/share/nav_msgs/cmake)\n'}
[2.170808] (zed_interface) StdoutLine: {'line': b'-- Found nav_msgs: 5.3.8 (/home/u_ramesa2/micromamba/envs/ros_env_jazzy/share/nav_msgs/cmake)\n'}
[2.203686] (sensor_fusion) StdoutLine: {'line': b'-- Found sensor_msgs: 5.3.8 (/home/u_ramesa2/micromamba/envs/ros_env_jazzy/share/sensor_msgs/cmake)\n'}
[2.203908] (-) TimerEvent: {}
[2.213054] (zed_interface) StdoutLine: {'line': b'-- Found cv_bridge: 4.1.0 (/home/u_ramesa2/micromamba/envs/ros_env_jazzy/share/cv_bridge/cmake)\n'}
[2.214384] (lane_detection) StdoutLine: {'line': b'-- Found cv_bridge: 4.1.0 (/home/u_ramesa2/micromamba/envs/ros_env_jazzy/share/cv_bridge/cmake)\n'}
[2.216286] (lidar_interface) StdoutLine: {'line': b"-- Added test 'copyright' to check source files copyright and LICENSE\n"}
[2.217985] (lidar_interface) StdoutLine: {'line': b"-- Added test 'cppcheck' to perform static code analysis on C / C++ code\n"}
[2.218240] (lidar_interface) StdoutLine: {'line': b'-- Configured cppcheck include dirs: /mnt/external/DIY/CameraModule/autonomous_rc/src/lidar_interface/include\n'}
[2.218360] (lidar_interface) StdoutLine: {'line': b'-- Configured cppcheck exclude dirs and/or files: \n'}
[2.219711] (lidar_interface) StdoutLine: {'line': b"-- Added test 'cpplint' to check C / C++ code against the Google style\n"}
[2.219864] (lidar_interface) StdoutLine: {'line': b'-- Configured cpplint exclude dirs and/or files: \n'}
[2.220411] (lidar_interface) StdoutLine: {'line': b"-- Added test 'flake8' to check Python code syntax and style conventions\n"}
[2.220556] (lidar_interface) StdoutLine: {'line': b"-- Configured 'flake8' exclude dirs and/or files: \n"}
[2.221135] (lidar_interface) StdoutLine: {'line': b"-- Added test 'lint_cmake' to check CMake code style\n"}
[2.221767] (lidar_interface) StdoutLine: {'line': b"-- Added test 'pep257' to check Python code against some of the docstring style conventions in PEP 257\n"}
[2.223175] (lidar_interface) StdoutLine: {'line': b"-- Added test 'uncrustify' to check C / C++ code style\n"}
[2.223336] (lidar_interface) StdoutLine: {'line': b'-- Configured uncrustify additional arguments: \n'}
[2.223997] (lidar_interface) StdoutLine: {'line': b"-- Added test 'xmllint' to check XML markup files\n"}
[2.226162] (lidar_interface) StdoutLine: {'line': b'-- Configuring done (2.2s)\n'}
[2.228903] (zed_interface) StdoutLine: {'line': b'-- Found image_transport: 5.1.8 (/home/u_ramesa2/micromamba/envs/ros_env_jazzy/share/image_transport/cmake)\n'}
[2.234875] (lane_detection) StdoutLine: {'line': b'-- Found image_transport: 5.1.8 (/home/u_ramesa2/micromamba/envs/ros_env_jazzy/share/image_transport/cmake)\n'}
[2.240926] (sensor_fusion) StdoutLine: {'line': b'-- Found tf2: 0.36.22 (/home/u_ramesa2/micromamba/envs/ros_env_jazzy/share/tf2/cmake)\n'}
[2.246566] (lidar_interface) StdoutLine: {'line': b'-- Generating done (0.0s)\n'}
[2.249012] (sensor_fusion) StdoutLine: {'line': b'-- Found tf2_ros: 0.36.22 (/home/u_ramesa2/micromamba/envs/ros_env_jazzy/share/tf2_ros/cmake)\n'}
[2.264628] (zed_interface) StdoutLine: {'line': b'-- Found tf2: 0.36.22 (/home/u_ramesa2/micromamba/envs/ros_env_jazzy/share/tf2/cmake)\n'}
[2.267565] (encoder_interface) StdoutLine: {'line': b"-- Added test 'copyright' to check source files copyright and LICENSE\n"}
[2.268346] (planner) StdoutLine: {'line': b"-- Added test 'copyright' to check source files copyright and LICENSE\n"}
[2.269516] (encoder_interface) StdoutLine: {'line': b"-- Added test 'cppcheck' to perform static code analysis on C / C++ code\n"}
[2.269876] (encoder_interface) StdoutLine: {'line': b'-- Configured cppcheck include dirs: /mnt/external/DIY/CameraModule/autonomous_rc/src/encoder_interface/include\n'}
[2.270057] (encoder_interface) StdoutLine: {'line': b'-- Configured cppcheck exclude dirs and/or files: \n'}
[2.271066] (planner) StdoutLine: {'line': b"-- Added test 'cppcheck' to perform static code analysis on C / C++ code\n"}
[2.271392] (planner) StdoutLine: {'line': b'-- Configured cppcheck include dirs: /mnt/external/DIY/CameraModule/autonomous_rc/src/planner/include\n'}
[2.271538] (planner) StdoutLine: {'line': b'-- Configured cppcheck exclude dirs and/or files: \n'}
[2.271743] (encoder_interface) StdoutLine: {'line': b"-- Added test 'cpplint' to check C / C++ code against the Google style\n"}
[2.271851] (encoder_interface) StdoutLine: {'line': b'-- Configured cpplint exclude dirs and/or files: \n'}
[2.272658] (encoder_interface) StdoutLine: {'line': b"-- Added test 'flake8' to check Python code syntax and style conventions\n"}
[2.272841] (encoder_interface) StdoutLine: {'line': b"-- Configured 'flake8' exclude dirs and/or files: \n"}
[2.273132] (planner) StdoutLine: {'line': b"-- Added test 'cpplint' to check C / C++ code against the Google style\n"}
[2.273245] (planner) StdoutLine: {'line': b'-- Configured cpplint exclude dirs and/or files: \n'}
[2.273500] (encoder_interface) StdoutLine: {'line': b"-- Added test 'lint_cmake' to check CMake code style\n"}
[2.273767] (zed_interface) StdoutLine: {'line': b'-- Found tf2_ros: 0.36.22 (/home/u_ramesa2/micromamba/envs/ros_env_jazzy/share/tf2_ros/cmake)\n'}
[2.274065] (planner) StdoutLine: {'line': b"-- Added test 'flake8' to check Python code syntax and style conventions\n"}
[2.274218] (planner) StdoutLine: {'line': b"-- Configured 'flake8' exclude dirs and/or files: \n"}
[2.274611] (encoder_interface) StdoutLine: {'line': b"-- Added test 'pep257' to check Python code against some of the docstring style conventions in PEP 257\n"}
[2.275074] (planner) StdoutLine: {'line': b"-- Added test 'lint_cmake' to check CMake code style\n"}
[2.275915] (planner) StdoutLine: {'line': b"-- Added test 'pep257' to check Python code against some of the docstring style conventions in PEP 257\n"}
[2.276031] (encoder_interface) StdoutLine: {'line': b"-- Added test 'uncrustify' to check C / C++ code style\n"}
[2.276129] (encoder_interface) StdoutLine: {'line': b'-- Configured uncrustify additional arguments: \n'}
[2.276701] (encoder_interface) StdoutLine: {'line': b"-- Added test 'xmllint' to check XML markup files\n"}
[2.277532] (planner) StdoutLine: {'line': b"-- Added test 'uncrustify' to check C / C++ code style\n"}
[2.277685] (planner) StdoutLine: {'line': b'-- Configured uncrustify additional arguments: \n'}
[2.278345] (planner) StdoutLine: {'line': b"-- Added test 'xmllint' to check XML markup files\n"}
[2.278868] (encoder_interface) StdoutLine: {'line': b'-- Configuring done (2.2s)\n'}
[2.279545] (lane_detection) StdoutLine: {'line': b'-- Found OpenCV: /home/u_ramesa2/micromamba/envs/ros_env_jazzy (found version "4.13.0")\n'}
[2.280951] (planner) StdoutLine: {'line': b'-- Configuring done (2.2s)\n'}
[2.281400] (lane_detection) StdoutLine: {'line': b'-- Performing Test CMAKE_HAVE_LIBC_PTHREAD\n'}
[2.286386] (obstacle_detection) StdoutLine: {'line': b"-- Added test 'copyright' to check source files copyright and LICENSE\n"}
[2.288961] (obstacle_detection) StdoutLine: {'line': b"-- Added test 'cppcheck' to perform static code analysis on C / C++ code\n"}
[2.289495] (obstacle_detection) StdoutLine: {'line': b'-- Configured cppcheck include dirs: /mnt/external/DIY/CameraModule/autonomous_rc/src/obstacle_detection/include\n'}
[2.289673] (obstacle_detection) StdoutLine: {'line': b'-- Configured cppcheck exclude dirs and/or files: \n'}
[2.291430] (obstacle_detection) StdoutLine: {'line': b"-- Added test 'cpplint' to check C / C++ code against the Google style\n"}
[2.291607] (obstacle_detection) StdoutLine: {'line': b'-- Configured cpplint exclude dirs and/or files: \n'}
[2.292969] (obstacle_detection) StdoutLine: {'line': b"-- Added test 'flake8' to check Python code syntax and style conventions\n"}
[2.293108] (obstacle_detection) StdoutLine: {'line': b"-- Configured 'flake8' exclude dirs and/or files: \n"}
[2.293520] (obstacle_detection) StdoutLine: {'line': b"-- Added test 'lint_cmake' to check CMake code style\n"}
[2.294361] (obstacle_detection) StdoutLine: {'line': b"-- Added test 'pep257' to check Python code against some of the docstring style conventions in PEP 257\n"}
[2.296811] (obstacle_detection) StdoutLine: {'line': b"-- Added test 'uncrustify' to check C / C++ code style\n"}
[2.297044] (obstacle_detection) StdoutLine: {'line': b'-- Configured uncrustify additional arguments: \n'}
[2.297616] (obstacle_detection) StdoutLine: {'line': b"-- Added test 'xmllint' to check XML markup files\n"}
[2.301950] (obstacle_detection) StdoutLine: {'line': b'-- Configuring done (2.3s)\n'}
[2.302428] (lidar_interface) StdoutLine: {'line': b'-- Build files have been written to: /mnt/external/DIY/CameraModule/autonomous_rc/build/lidar_interface\n'}
[2.303714] (encoder_interface) StdoutLine: {'line': b'-- Generating done (0.0s)\n'}
[2.303978] (-) TimerEvent: {}
[2.312633] (planner) StdoutLine: {'line': b'-- Generating done (0.0s)\n'}
[2.314914] (lidar_interface) CommandEnded: {'returncode': 0}
[2.315807] (lidar_interface) JobProgress: {'identifier': 'lidar_interface', 'progress': 'build'}
[2.316842] (lidar_interface) Command: {'cmd': ['/home/u_ramesa2/micromamba/envs/ros_env_jazzy/bin/cmake', '--build', '/mnt/external/DIY/CameraModule/autonomous_rc/build/lidar_interface', '--', '-j20', '-l20'], 'cwd': '/mnt/external/DIY/CameraModule/autonomous_rc/build/lidar_interface', 'env': OrderedDict({'CONDA_PROMPT_MODIFIER': '(ros_env_jazzy)', 'ROS_ETC_DIR': '/home/u_ramesa2/micromamba/envs/ros_env_jazzy/etc/ros', 'SHLVL': '0', 'HOME': '/home/u_ramesa2', 'CONDA_SHLVL': '1', 'OLDPWD': '/mnt/external/DIY/CameraModule/autonomous_rc', 'ROS_PYTHON_VERSION': '3', 'GTK_MODULES': 'appmenu-gtk-module', 'LC_CTYPE': 'C.UTF-8', 'UBUNTU_MENUPROXY': '1', 'ROS_DISTRO': 'jazzy', '_': '/home/u_ramesa2/micromamba/envs/ros_env_jazzy/bin/colcon', 'ROS_VERSION': '2', 'ROS_OS_OVERRIDE': 'conda:linux', 'PATH': '/usr/local/cuda/bin:/home/u_ramesa2/micromamba/envs/ros_env_jazzy/bin:/home/u_ramesa2/micromamba/condabin:/home/u_ramesa2/.local/bin:/usr/local/sbin:/usr/local/bin:/usr/sbin:/usr/bin:/sbin:/bin:/snap/bin:/opt/puppetlabs/bin', 'MAMBA_ROOT_PREFIX': '/home/u_ramesa2/micromamba', 'XML_CATALOG_FILES': 'file:///home/u_ramesa2/micromamba/envs/ros_env_jazzy/etc/xml/catalog file:///etc/xml/catalog', 'GSETTINGS_SCHEMA_DIR': '/home/u_ramesa2/micromamba/envs/ros_env_jazzy/share/glib-2.0/schemas', 'AMENT_PREFIX_PATH': '/home/u_ramesa2/micromamba/envs/ros_env_jazzy', 'CONDA_DEFAULT_ENV': 'ros_env_jazzy', 'ROS_AUTOMATIC_DISCOVERY_RANGE': 'SUBNET', 'PWD': '/mnt/external/DIY/CameraModule/autonomous_rc/build/lidar_interface', 'XDG_DATA_DIRS': '/usr/share/gnome:/home/u_ramesa2/.local/share/flatpak/exports/share:/var/lib/flatpak/exports/share:/usr/local/share:/usr/share:/var/lib/snapd/desktop', 'PYTHONPATH': '/home/u_ramesa2/micromamba/envs/ros_env_jazzy/lib/python/site-packages:/home/u_ramesa2/micromamba/envs/ros_env_jazzy/lib/python3.12/site-packages', 'CONDA_PREFIX': '/home/u_ramesa2/micromamba/envs/ros_env_jazzy', 'GSETTINGS_SCHEMA_DIR_CONDA_BACKUP': '', 'COLCON': '1', 'MANPATH': ':/opt/puppetlabs/puppet/share/man', 'CMAKE_PREFIX_PATH': '/home/u_ramesa2/micromamba/envs/ros_env_jazzy'}), 'shell': False}
[2.344424] (obstacle_detection) StdoutLine: {'line': b'-- Generating done (0.0s)\n'}
[2.356272] (encoder_interface) StdoutLine: {'line': b'-- Build files have been written to: /mnt/external/DIY/CameraModule/autonomous_rc/build/encoder_interface\n'}
[2.368288] (encoder_interface) CommandEnded: {'returncode': 0}
[2.368863] (encoder_interface) JobProgress: {'identifier': 'encoder_interface', 'progress': 'build'}
[2.369240] (encoder_interface) Command: {'cmd': ['/home/u_ramesa2/micromamba/envs/ros_env_jazzy/bin/cmake', '--build', '/mnt/external/DIY/CameraModule/autonomous_rc/build/encoder_interface', '--', '-j20', '-l20'], 'cwd': '/mnt/external/DIY/CameraModule/autonomous_rc/build/encoder_interface', 'env': OrderedDict({'CONDA_PROMPT_MODIFIER': '(ros_env_jazzy)', 'ROS_ETC_DIR': '/home/u_ramesa2/micromamba/envs/ros_env_jazzy/etc/ros', 'SHLVL': '0', 'HOME': '/home/u_ramesa2', 'CONDA_SHLVL': '1', 'OLDPWD': '/mnt/external/DIY/CameraModule/autonomous_rc', 'ROS_PYTHON_VERSION': '3', 'GTK_MODULES': 'appmenu-gtk-module', 'LC_CTYPE': 'C.UTF-8', 'UBUNTU_MENUPROXY': '1', 'ROS_DISTRO': 'jazzy', '_': '/home/u_ramesa2/micromamba/envs/ros_env_jazzy/bin/colcon', 'ROS_VERSION': '2', 'ROS_OS_OVERRIDE': 'conda:linux', 'PATH': '/usr/local/cuda/bin:/home/u_ramesa2/micromamba/envs/ros_env_jazzy/bin:/home/u_ramesa2/micromamba/condabin:/home/u_ramesa2/.local/bin:/usr/local/sbin:/usr/local/bin:/usr/sbin:/usr/bin:/sbin:/bin:/snap/bin:/opt/puppetlabs/bin', 'MAMBA_ROOT_PREFIX': '/home/u_ramesa2/micromamba', 'XML_CATALOG_FILES': 'file:///home/u_ramesa2/micromamba/envs/ros_env_jazzy/etc/xml/catalog file:///etc/xml/catalog', 'GSETTINGS_SCHEMA_DIR': '/home/u_ramesa2/micromamba/envs/ros_env_jazzy/share/glib-2.0/schemas', 'AMENT_PREFIX_PATH': '/home/u_ramesa2/micromamba/envs/ros_env_jazzy', 'CONDA_DEFAULT_ENV': 'ros_env_jazzy', 'ROS_AUTOMATIC_DISCOVERY_RANGE': 'SUBNET', 'PWD': '/mnt/external/DIY/CameraModule/autonomous_rc/build/encoder_interface', 'XDG_DATA_DIRS': '/usr/share/gnome:/home/u_ramesa2/.local/share/flatpak/exports/share:/var/lib/flatpak/exports/share:/usr/local/share:/usr/share:/var/lib/snapd/desktop', 'PYTHONPATH': '/home/u_ramesa2/micromamba/envs/ros_env_jazzy/lib/python/site-packages:/home/u_ramesa2/micromamba/envs/ros_env_jazzy/lib/python3.12/site-packages', 'CONDA_PREFIX': '/home/u_ramesa2/micromamba/envs/ros_env_jazzy', 'GSETTINGS_SCHEMA_DIR_CONDA_BACKUP': '', 'COLCON': '1', 'MANPATH': ':/opt/puppetlabs/puppet/share/man', 'CMAKE_PREFIX_PATH': '/home/u_ramesa2/micromamba/envs/ros_env_jazzy'}), 'shell': False}
[2.378464] (planner) StdoutLine: {'line': b'-- Build files have been written to: /mnt/external/DIY/CameraModule/autonomous_rc/build/planner\n'}
[2.379771] (lidar_interface) StdoutLine: {'line': b'[ 33%] Building CXX object CMakeFiles/scan_filter_node.dir/src/main.cpp.o\n'}
[2.380435] (lidar_interface) StdoutLine: {'line': b'[ 66%] Building CXX object CMakeFiles/scan_filter_node.dir/src/scan_filter_node.cpp.o\n'}
[2.392159] (planner) CommandEnded: {'returncode': 0}
[2.392631] (planner) JobProgress: {'identifier': 'planner', 'progress': 'build'}
[2.392671] (planner) Command: {'cmd': ['/home/u_ramesa2/micromamba/envs/ros_env_jazzy/bin/cmake', '--build', '/mnt/external/DIY/CameraModule/autonomous_rc/build/planner', '--', '-j20', '-l20'], 'cwd': '/mnt/external/DIY/CameraModule/autonomous_rc/build/planner', 'env': OrderedDict({'CONDA_PROMPT_MODIFIER': '(ros_env_jazzy)', 'ROS_ETC_DIR': '/home/u_ramesa2/micromamba/envs/ros_env_jazzy/etc/ros', 'SHLVL': '0', 'HOME': '/home/u_ramesa2', 'CONDA_SHLVL': '1', 'OLDPWD': '/mnt/external/DIY/CameraModule/autonomous_rc', 'ROS_PYTHON_VERSION': '3', 'GTK_MODULES': 'appmenu-gtk-module', 'LC_CTYPE': 'C.UTF-8', 'UBUNTU_MENUPROXY': '1', 'ROS_DISTRO': 'jazzy', '_': '/home/u_ramesa2/micromamba/envs/ros_env_jazzy/bin/colcon', 'ROS_VERSION': '2', 'ROS_OS_OVERRIDE': 'conda:linux', 'PATH': '/usr/local/cuda/bin:/home/u_ramesa2/micromamba/envs/ros_env_jazzy/bin:/home/u_ramesa2/micromamba/condabin:/home/u_ramesa2/.local/bin:/usr/local/sbin:/usr/local/bin:/usr/sbin:/usr/bin:/sbin:/bin:/snap/bin:/opt/puppetlabs/bin', 'MAMBA_ROOT_PREFIX': '/home/u_ramesa2/micromamba', 'XML_CATALOG_FILES': 'file:///home/u_ramesa2/micromamba/envs/ros_env_jazzy/etc/xml/catalog file:///etc/xml/catalog', 'GSETTINGS_SCHEMA_DIR': '/home/u_ramesa2/micromamba/envs/ros_env_jazzy/share/glib-2.0/schemas', 'AMENT_PREFIX_PATH': '/home/u_ramesa2/micromamba/envs/ros_env_jazzy', 'CONDA_DEFAULT_ENV': 'ros_env_jazzy', 'ROS_AUTOMATIC_DISCOVERY_RANGE': 'SUBNET', 'PWD': '/mnt/external/DIY/CameraModule/autonomous_rc/build/planner', 'XDG_DATA_DIRS': '/usr/share/gnome:/home/u_ramesa2/.local/share/flatpak/exports/share:/var/lib/flatpak/exports/share:/usr/local/share:/usr/share:/var/lib/snapd/desktop', 'PYTHONPATH': '/home/u_ramesa2/micromamba/envs/ros_env_jazzy/lib/python/site-packages:/home/u_ramesa2/micromamba/envs/ros_env_jazzy/lib/python3.12/site-packages', 'CONDA_PREFIX': '/home/u_ramesa2/micromamba/envs/ros_env_jazzy', 'GSETTINGS_SCHEMA_DIR_CONDA_BACKUP': '', 'COLCON': '1', 'MANPATH': ':/opt/puppetlabs/puppet/share/man', 'CMAKE_PREFIX_PATH': '/home/u_ramesa2/micromamba/envs/ros_env_jazzy'}), 'shell': False}
[2.400317] (lane_detection) StdoutLine: {'line': b'-- Performing Test CMAKE_HAVE_LIBC_PTHREAD - Success\n'}
[2.401772] (lane_detection) StdoutLine: {'line': b'-- Found Threads: TRUE\n'}
[2.404077] (-) TimerEvent: {}
[2.405413] (lane_detection) StdoutLine: {'line': b'-- lane_detection: OpenCV CUDA modules not found, building CPU-only path\n'}
[2.414319] (lane_detection) StdoutLine: {'line': b'-- Found ament_lint_auto: 0.17.5 (/home/u_ramesa2/micromamba/envs/ros_env_jazzy/share/ament_lint_auto/cmake)\n'}
[2.428882] (encoder_interface) StdoutLine: {'line': b'[ 33%] Building CXX object CMakeFiles/encoder_node.dir/src/main.cpp.o\n'}
[2.429354] (encoder_interface) StdoutLine: {'line': b'[ 66%] Building CXX object CMakeFiles/encoder_node.dir/src/encoder_node.cpp.o\n'}
[2.434083] (obstacle_detection) StdoutLine: {'line': b'-- Build files have been written to: /mnt/external/DIY/CameraModule/autonomous_rc/build/obstacle_detection\n'}
[2.446770] (obstacle_detection) CommandEnded: {'returncode': 0}
[2.447427] (obstacle_detection) JobProgress: {'identifier': 'obstacle_detection', 'progress': 'build'}
[2.447840] (obstacle_detection) Command: {'cmd': ['/home/u_ramesa2/micromamba/envs/ros_env_jazzy/bin/cmake', '--build', '/mnt/external/DIY/CameraModule/autonomous_rc/build/obstacle_detection', '--', '-j20', '-l20'], 'cwd': '/mnt/external/DIY/CameraModule/autonomous_rc/build/obstacle_detection', 'env': OrderedDict({'CONDA_PROMPT_MODIFIER': '(ros_env_jazzy)', 'ROS_ETC_DIR': '/home/u_ramesa2/micromamba/envs/ros_env_jazzy/etc/ros', 'SHLVL': '0', 'HOME': '/home/u_ramesa2', 'CONDA_SHLVL': '1', 'OLDPWD': '/mnt/external/DIY/CameraModule/autonomous_rc', 'ROS_PYTHON_VERSION': '3', 'GTK_MODULES': 'appmenu-gtk-module', 'LC_CTYPE': 'C.UTF-8', 'UBUNTU_MENUPROXY': '1', 'ROS_DISTRO': 'jazzy', '_': '/home/u_ramesa2/micromamba/envs/ros_env_jazzy/bin/colcon', 'ROS_VERSION': '2', 'ROS_OS_OVERRIDE': 'conda:linux', 'PATH': '/usr/local/cuda/bin:/home/u_ramesa2/micromamba/envs/ros_env_jazzy/bin:/home/u_ramesa2/micromamba/condabin:/home/u_ramesa2/.local/bin:/usr/local/sbin:/usr/local/bin:/usr/sbin:/usr/bin:/sbin:/bin:/snap/bin:/opt/puppetlabs/bin', 'MAMBA_ROOT_PREFIX': '/home/u_ramesa2/micromamba', 'XML_CATALOG_FILES': 'file:///home/u_ramesa2/micromamba/envs/ros_env_jazzy/etc/xml/catalog file:///etc/xml/catalog', 'GSETTINGS_SCHEMA_DIR': '/home/u_ramesa2/micromamba/envs/ros_env_jazzy/share/glib-2.0/schemas', 'AMENT_PREFIX_PATH': '/home/u_ramesa2/micromamba/envs/ros_env_jazzy', 'CONDA_DEFAULT_ENV': 'ros_env_jazzy', 'ROS_AUTOMATIC_DISCOVERY_RANGE': 'SUBNET', 'PWD': '/mnt/external/DIY/CameraModule/autonomous_rc/build/obstacle_detection', 'XDG_DATA_DIRS': '/usr/share/gnome:/home/u_ramesa2/.local/share/flatpak/exports/share:/var/lib/flatpak/exports/share:/usr/local/share:/usr/share:/var/lib/snapd/desktop', 'PYTHONPATH': '/home/u_ramesa2/micromamba/envs/ros_env_jazzy/lib/python/site-packages:/home/u_ramesa2/micromamba/envs/ros_env_jazzy/lib/python3.12/site-packages', 'CONDA_PREFIX': '/home/u_ramesa2/micromamba/envs/ros_env_jazzy', 'GSETTINGS_SCHEMA_DIR_CONDA_BACKUP': '', 'COLCON': '1', 'MANPATH': ':/opt/puppetlabs/puppet/share/man', 'CMAKE_PREFIX_PATH': '/home/u_ramesa2/micromamba/envs/ros_env_jazzy'}), 'shell': False}
[2.450933] (planner) StdoutLine: {'line': b'[ 33%] Building CXX object CMakeFiles/planner_core.dir/src/path_arbitrator.cpp.o\n'}
[2.451316] (planner) StdoutLine: {'line': b'[ 33%] Building CXX object CMakeFiles/planner_core.dir/src/raceline_loader.cpp.o\n'}
[2.474366] (zed_interface) StdoutLine: {'line': b'-- Found tf2_geometry_msgs: 0.36.22 (/home/u_ramesa2/micromamba/envs/ros_env_jazzy/share/tf2_geometry_msgs/cmake)\n'}
[2.478606] (sensor_fusion) StdoutLine: {'line': b'-- Found tf2_geometry_msgs: 0.36.22 (/home/u_ramesa2/micromamba/envs/ros_env_jazzy/share/tf2_geometry_msgs/cmake)\n'}
[2.490805] (zed_interface) StdoutLine: {'line': b'-- Found eigen3_cmake_module: 0.3.1 (/home/u_ramesa2/micromamba/envs/ros_env_jazzy/share/eigen3_cmake_module/cmake)\n'}
[2.492337] (zed_interface) StdoutLine: {'line': b'-- Found Eigen3: TRUE (found version "5.0.1")\n'}
[2.493381] (zed_interface) StdoutLine: {'line': b'-- Ensuring Eigen3 include directory is part of orocos-kdl CMake target\n'}
[2.499614] (zed_interface) StdoutLine: {'line': b'-- Found OpenCV: /home/u_ramesa2/micromamba/envs/ros_env_jazzy (found version "4.13.0")\n'}
[2.500096] (sensor_fusion) StdoutLine: {'line': b'-- Found eigen3_cmake_module: 0.3.1 (/home/u_ramesa2/micromamba/envs/ros_env_jazzy/share/eigen3_cmake_module/cmake)\n'}
[2.501990] (sensor_fusion) StdoutLine: {'line': b'-- Found Eigen3: TRUE (found version "5.0.1")\n'}
[2.502361] (sensor_fusion) StdoutLine: {'line': b'-- Ensuring Eigen3 include directory is part of orocos-kdl CMake target\n'}
[2.504137] (-) TimerEvent: {}
[2.506939] (sensor_fusion) StdoutLine: {'line': b'-- Found Eigen3: TRUE\n'}
[2.509093] (obstacle_detection) StdoutLine: {'line': b'[ 20%] Building CXX object CMakeFiles/vfh_planner.dir/src/vfh_planner.cpp.o\n'}
[2.516468] (sensor_fusion) StdoutLine: {'line': b'-- Found ament_lint_auto: 0.17.5 (/home/u_ramesa2/micromamba/envs/ros_env_jazzy/share/ament_lint_auto/cmake)\n'}
[2.530621] (zed_interface) StdoutLine: {'line': b'-- Found CUDAToolkit: /usr/local/cuda/targets/x86_64-linux/include (found version "12.2.140")\n'}
[2.533061] (zed_interface) StdoutLine: {'line': b'-- Performing Test CMAKE_HAVE_LIBC_PTHREAD\n'}
[2.604216] (-) TimerEvent: {}
[2.618774] (lane_detection) StdoutLine: {'line': b"-- Added test 'copyright' to check source files copyright and LICENSE\n"}
[2.620545] (lane_detection) StdoutLine: {'line': b"-- Added test 'cppcheck' to perform static code analysis on C / C++ code\n"}
[2.620792] (lane_detection) StdoutLine: {'line': b'-- Configured cppcheck include dirs: /mnt/external/DIY/CameraModule/autonomous_rc/src/lane_detection/include\n'}
[2.620888] (lane_detection) StdoutLine: {'line': b'-- Configured cppcheck exclude dirs and/or files: \n'}
[2.622490] (lane_detection) StdoutLine: {'line': b"-- Added test 'cpplint' to check C / C++ code against the Google style\n"}
[2.622649] (lane_detection) StdoutLine: {'line': b'-- Configured cpplint exclude dirs and/or files: \n'}
[2.623260] (lane_detection) StdoutLine: {'line': b"-- Added test 'flake8' to check Python code syntax and style conventions\n"}
[2.623387] (lane_detection) StdoutLine: {'line': b"-- Configured 'flake8' exclude dirs and/or files: \n"}
[2.624275] (lane_detection) StdoutLine: {'line': b"-- Added test 'lint_cmake' to check CMake code style\n"}
[2.625171] (lane_detection) StdoutLine: {'line': b"-- Added test 'pep257' to check Python code against some of the docstring style conventions in PEP 257\n"}
[2.627151] (lane_detection) StdoutLine: {'line': b"-- Added test 'uncrustify' to check C / C++ code style\n"}
[2.627316] (lane_detection) StdoutLine: {'line': b'-- Configured uncrustify additional arguments: \n'}
[2.628082] (lane_detection) StdoutLine: {'line': b"-- Added test 'xmllint' to check XML markup files\n"}
[2.631481] (lane_detection) StdoutLine: {'line': b'-- Configuring done (2.6s)\n'}
[2.669300] (zed_interface) StdoutLine: {'line': b'-- Performing Test CMAKE_HAVE_LIBC_PTHREAD - Success\n'}
[2.669524] (zed_interface) StdoutLine: {'line': b'-- Found Threads: TRUE\n'}
[2.680567] (lane_detection) StdoutLine: {'line': b'-- Generating done (0.0s)\n'}
[2.704316] (-) TimerEvent: {}
[2.725720] (sensor_fusion) StdoutLine: {'line': b"-- Added test 'copyright' to check source files copyright and LICENSE\n"}
[2.730009] (sensor_fusion) StdoutLine: {'line': b"-- Added test 'cppcheck' to perform static code analysis on C / C++ code\n"}
[2.730326] (sensor_fusion) StdoutLine: {'line': b'-- Configured cppcheck include dirs: /mnt/external/DIY/CameraModule/autonomous_rc/src/sensor_fusion/include\n'}
[2.731260] (sensor_fusion) StdoutLine: {'line': b'-- Configured cppcheck exclude dirs and/or files: \n'}
[2.732581] (sensor_fusion) StdoutLine: {'line': b"-- Added test 'cpplint' to check C / C++ code against the Google style\n"}
[2.732753] (sensor_fusion) StdoutLine: {'line': b'-- Configured cpplint exclude dirs and/or files: \n'}
[2.735438] (sensor_fusion) StdoutLine: {'line': b"-- Added test 'flake8' to check Python code syntax and style conventions\n"}
[2.735628] (sensor_fusion) StdoutLine: {'line': b"-- Configured 'flake8' exclude dirs and/or files: \n"}
[2.735720] (sensor_fusion) StdoutLine: {'line': b"-- Added test 'lint_cmake' to check CMake code style\n"}
[2.735911] (sensor_fusion) StdoutLine: {'line': b"-- Added test 'pep257' to check Python code against some of the docstring style conventions in PEP 257\n"}
[2.738540] (sensor_fusion) StdoutLine: {'line': b"-- Added test 'uncrustify' to check C / C++ code style\n"}
[2.738918] (sensor_fusion) StdoutLine: {'line': b'-- Configured uncrustify additional arguments: \n'}
[2.740253] (sensor_fusion) StdoutLine: {'line': b"-- Added test 'xmllint' to check XML markup files\n"}
[2.746617] (sensor_fusion) StdoutLine: {'line': b'-- Configuring done (2.7s)\n'}
[2.777247] (lane_detection) StdoutLine: {'line': b'-- Build files have been written to: /mnt/external/DIY/CameraModule/autonomous_rc/build/lane_detection\n'}
[2.791500] (lane_detection) CommandEnded: {'returncode': 0}
[2.792870] (lane_detection) JobProgress: {'identifier': 'lane_detection', 'progress': 'build'}
[2.792921] (lane_detection) Command: {'cmd': ['/home/u_ramesa2/micromamba/envs/ros_env_jazzy/bin/cmake', '--build', '/mnt/external/DIY/CameraModule/autonomous_rc/build/lane_detection', '--', '-j20', '-l20'], 'cwd': '/mnt/external/DIY/CameraModule/autonomous_rc/build/lane_detection', 'env': OrderedDict({'CONDA_PROMPT_MODIFIER': '(ros_env_jazzy)', 'ROS_ETC_DIR': '/home/u_ramesa2/micromamba/envs/ros_env_jazzy/etc/ros', 'SHLVL': '0', 'HOME': '/home/u_ramesa2', 'CONDA_SHLVL': '1', 'OLDPWD': '/mnt/external/DIY/CameraModule/autonomous_rc', 'ROS_PYTHON_VERSION': '3', 'GTK_MODULES': 'appmenu-gtk-module', 'LC_CTYPE': 'C.UTF-8', 'UBUNTU_MENUPROXY': '1', 'ROS_DISTRO': 'jazzy', '_': '/home/u_ramesa2/micromamba/envs/ros_env_jazzy/bin/colcon', 'ROS_VERSION': '2', 'ROS_OS_OVERRIDE': 'conda:linux', 'PATH': '/usr/local/cuda/bin:/home/u_ramesa2/micromamba/envs/ros_env_jazzy/bin:/home/u_ramesa2/micromamba/condabin:/home/u_ramesa2/.local/bin:/usr/local/sbin:/usr/local/bin:/usr/sbin:/usr/bin:/sbin:/bin:/snap/bin:/opt/puppetlabs/bin', 'MAMBA_ROOT_PREFIX': '/home/u_ramesa2/micromamba', 'XML_CATALOG_FILES': 'file:///home/u_ramesa2/micromamba/envs/ros_env_jazzy/etc/xml/catalog file:///etc/xml/catalog', 'GSETTINGS_SCHEMA_DIR': '/home/u_ramesa2/micromamba/envs/ros_env_jazzy/share/glib-2.0/schemas', 'AMENT_PREFIX_PATH': '/home/u_ramesa2/micromamba/envs/ros_env_jazzy', 'CONDA_DEFAULT_ENV': 'ros_env_jazzy', 'ROS_AUTOMATIC_DISCOVERY_RANGE': 'SUBNET', 'PWD': '/mnt/external/DIY/CameraModule/autonomous_rc/build/lane_detection', 'XDG_DATA_DIRS': '/usr/share/gnome:/home/u_ramesa2/.local/share/flatpak/exports/share:/var/lib/flatpak/exports/share:/usr/local/share:/usr/share:/var/lib/snapd/desktop', 'PYTHONPATH': '/home/u_ramesa2/micromamba/envs/ros_env_jazzy/lib/python/site-packages:/home/u_ramesa2/micromamba/envs/ros_env_jazzy/lib/python3.12/site-packages', 'CONDA_PREFIX': '/home/u_ramesa2/micromamba/envs/ros_env_jazzy', 'GSETTINGS_SCHEMA_DIR_CONDA_BACKUP': '', 'COLCON': '1', 'MANPATH': ':/opt/puppetlabs/puppet/share/man', 'CMAKE_PREFIX_PATH': '/home/u_ramesa2/micromamba/envs/ros_env_jazzy'}), 'shell': False}
[2.793948] (sensor_fusion) StdoutLine: {'line': b'-- Generating done (0.0s)\n'}
[2.804414] (-) TimerEvent: {}
[2.859233] (lane_detection) StdoutLine: {'line': b'[ 20%] Building CXX object CMakeFiles/lane_detector.dir/src/lane_detector.cpp.o\n'}
[2.887376] (sensor_fusion) StdoutLine: {'line': b'-- Build files have been written to: /mnt/external/DIY/CameraModule/autonomous_rc/build/sensor_fusion\n'}
[2.893348] (safety_manager) StdoutLine: {'line': b'-- Found ament_cmake_ros: 0.12.1 (/home/u_ramesa2/micromamba/envs/ros_env_jazzy/share/ament_cmake_ros/cmake)\n'}
[2.902153] (sensor_fusion) CommandEnded: {'returncode': 0}
[2.902929] (sensor_fusion) JobProgress: {'identifier': 'sensor_fusion', 'progress': 'build'}
[2.903448] (sensor_fusion) Command: {'cmd': ['/home/u_ramesa2/micromamba/envs/ros_env_jazzy/bin/cmake', '--build', '/mnt/external/DIY/CameraModule/autonomous_rc/build/sensor_fusion', '--', '-j20', '-l20'], 'cwd': '/mnt/external/DIY/CameraModule/autonomous_rc/build/sensor_fusion', 'env': OrderedDict({'CONDA_PROMPT_MODIFIER': '(ros_env_jazzy)', 'ROS_ETC_DIR': '/home/u_ramesa2/micromamba/envs/ros_env_jazzy/etc/ros', 'SHLVL': '0', 'HOME': '/home/u_ramesa2', 'CONDA_SHLVL': '1', 'OLDPWD': '/mnt/external/DIY/CameraModule/autonomous_rc', 'ROS_PYTHON_VERSION': '3', 'GTK_MODULES': 'appmenu-gtk-module', 'LC_CTYPE': 'C.UTF-8', 'UBUNTU_MENUPROXY': '1', 'ROS_DISTRO': 'jazzy', '_': '/home/u_ramesa2/micromamba/envs/ros_env_jazzy/bin/colcon', 'ROS_VERSION': '2', 'ROS_OS_OVERRIDE': 'conda:linux', 'PATH': '/usr/local/cuda/bin:/home/u_ramesa2/micromamba/envs/ros_env_jazzy/bin:/home/u_ramesa2/micromamba/condabin:/home/u_ramesa2/.local/bin:/usr/local/sbin:/usr/local/bin:/usr/sbin:/usr/bin:/sbin:/bin:/snap/bin:/opt/puppetlabs/bin', 'MAMBA_ROOT_PREFIX': '/home/u_ramesa2/micromamba', 'XML_CATALOG_FILES': 'file:///home/u_ramesa2/micromamba/envs/ros_env_jazzy/etc/xml/catalog file:///etc/xml/catalog', 'GSETTINGS_SCHEMA_DIR': '/home/u_ramesa2/micromamba/envs/ros_env_jazzy/share/glib-2.0/schemas', 'AMENT_PREFIX_PATH': '/home/u_ramesa2/micromamba/envs/ros_env_jazzy', 'CONDA_DEFAULT_ENV': 'ros_env_jazzy', 'ROS_AUTOMATIC_DISCOVERY_RANGE': 'SUBNET', 'PWD': '/mnt/external/DIY/CameraModule/autonomous_rc/build/sensor_fusion', 'XDG_DATA_DIRS': '/usr/share/gnome:/home/u_ramesa2/.local/share/flatpak/exports/share:/var/lib/flatpak/exports/share:/usr/local/share:/usr/share:/var/lib/snapd/desktop', 'PYTHONPATH': '/home/u_ramesa2/micromamba/envs/ros_env_jazzy/lib/python/site-packages:/home/u_ramesa2/micromamba/envs/ros_env_jazzy/lib/python3.12/site-packages', 'CONDA_PREFIX': '/home/u_ramesa2/micromamba/envs/ros_env_jazzy', 'GSETTINGS_SCHEMA_DIR_CONDA_BACKUP': '', 'COLCON': '1', 'MANPATH': ':/opt/puppetlabs/puppet/share/man', 'CMAKE_PREFIX_PATH': '/home/u_ramesa2/micromamba/envs/ros_env_jazzy'}), 'shell': False}
[2.904609] (-) TimerEvent: {}
[2.945571] (zed_interface) StdoutLine: {'line': b'-- Found ament_lint_auto: 0.17.5 (/home/u_ramesa2/micromamba/envs/ros_env_jazzy/share/ament_lint_auto/cmake)\n'}
[2.962771] (sensor_fusion) StdoutLine: {'line': b'[ 20%] Building CXX object CMakeFiles/ekf_core.dir/src/ekf.cpp.o\n'}
[3.004748] (-) TimerEvent: {}
[3.104944] (-) TimerEvent: {}
[3.112739] (obstacle_detection) StdoutLine: {'line': b'[ 40%] Linking CXX static library libvfh_planner.a\n'}
[3.151010] (zed_interface) StdoutLine: {'line': b"-- Added test 'copyright' to check source files copyright and LICENSE\n"}
[3.153441] (zed_interface) StdoutLine: {'line': b"-- Added test 'cppcheck' to perform static code analysis on C / C++ code\n"}
[3.153916] (zed_interface) StdoutLine: {'line': b'-- Configured cppcheck include dirs: /mnt/external/DIY/CameraModule/autonomous_rc/src/zed_interface/include\n'}
[3.154075] (zed_interface) StdoutLine: {'line': b'-- Configured cppcheck exclude dirs and/or files: \n'}
[3.156222] (zed_interface) StdoutLine: {'line': b"-- Added test 'cpplint' to check C / C++ code against the Google style\n"}
[3.156497] (zed_interface) StdoutLine: {'line': b'-- Configured cpplint exclude dirs and/or files: \n'}
[3.156612] (obstacle_detection) StdoutLine: {'line': b'[ 40%] Built target vfh_planner\n'}
[3.157392] (zed_interface) StdoutLine: {'line': b"-- Added test 'flake8' to check Python code syntax and style conventions\n"}
[3.157679] (zed_interface) StdoutLine: {'line': b"-- Configured 'flake8' exclude dirs and/or files: \n"}
[3.158425] (zed_interface) StdoutLine: {'line': b"-- Added test 'lint_cmake' to check CMake code style\n"}
[3.159153] (zed_interface) StdoutLine: {'line': b"-- Added test 'pep257' to check Python code against some of the docstring style conventions in PEP 257\n"}
[3.160709] (zed_interface) StdoutLine: {'line': b"-- Added test 'uncrustify' to check C / C++ code style\n"}
[3.160885] (zed_interface) StdoutLine: {'line': b'-- Configured uncrustify additional arguments: \n'}
[3.161820] (zed_interface) StdoutLine: {'line': b"-- Added test 'xmllint' to check XML markup files\n"}
[3.165658] (zed_interface) StdoutLine: {'line': b'-- Configuring done (3.1s)\n'}
[3.181546] (obstacle_detection) StdoutLine: {'line': b'[ 60%] Building CXX object CMakeFiles/obstacle_avoidance_node.dir/src/obstacle_avoidance_node.cpp.o\n'}
[3.182963] (obstacle_detection) StdoutLine: {'line': b'[ 80%] Building CXX object CMakeFiles/obstacle_avoidance_node.dir/src/main.cpp.o\n'}
[3.205044] (-) TimerEvent: {}
[3.223409] (zed_interface) StdoutLine: {'line': b'-- Generating done (0.1s)\n'}
[3.305153] (-) TimerEvent: {}
[3.359555] (zed_interface) StdoutLine: {'line': b'-- Build files have been written to: /mnt/external/DIY/CameraModule/autonomous_rc/build/zed_interface\n'}
[3.376319] (zed_interface) CommandEnded: {'returncode': 0}
[3.377056] (zed_interface) JobProgress: {'identifier': 'zed_interface', 'progress': 'build'}
[3.377505] (zed_interface) Command: {'cmd': ['/home/u_ramesa2/micromamba/envs/ros_env_jazzy/bin/cmake', '--build', '/mnt/external/DIY/CameraModule/autonomous_rc/build/zed_interface', '--', '-j20', '-l20'], 'cwd': '/mnt/external/DIY/CameraModule/autonomous_rc/build/zed_interface', 'env': OrderedDict({'CONDA_PROMPT_MODIFIER': '(ros_env_jazzy)', 'ROS_ETC_DIR': '/home/u_ramesa2/micromamba/envs/ros_env_jazzy/etc/ros', 'SHLVL': '0', 'HOME': '/home/u_ramesa2', 'CONDA_SHLVL': '1', 'OLDPWD': '/mnt/external/DIY/CameraModule/autonomous_rc', 'ROS_PYTHON_VERSION': '3', 'GTK_MODULES': 'appmenu-gtk-module', 'LC_CTYPE': 'C.UTF-8', 'UBUNTU_MENUPROXY': '1', 'ROS_DISTRO': 'jazzy', '_': '/home/u_ramesa2/micromamba/envs/ros_env_jazzy/bin/colcon', 'ROS_VERSION': '2', 'ROS_OS_OVERRIDE': 'conda:linux', 'PATH': '/usr/local/cuda/bin:/home/u_ramesa2/micromamba/envs/ros_env_jazzy/bin:/home/u_ramesa2/micromamba/condabin:/home/u_ramesa2/.local/bin:/usr/local/sbin:/usr/local/bin:/usr/sbin:/usr/bin:/sbin:/bin:/snap/bin:/opt/puppetlabs/bin', 'MAMBA_ROOT_PREFIX': '/home/u_ramesa2/micromamba', 'XML_CATALOG_FILES': 'file:///home/u_ramesa2/micromamba/envs/ros_env_jazzy/etc/xml/catalog file:///etc/xml/catalog', 'GSETTINGS_SCHEMA_DIR': '/home/u_ramesa2/micromamba/envs/ros_env_jazzy/share/glib-2.0/schemas', 'AMENT_PREFIX_PATH': '/home/u_ramesa2/micromamba/envs/ros_env_jazzy', 'CONDA_DEFAULT_ENV': 'ros_env_jazzy', 'ROS_AUTOMATIC_DISCOVERY_RANGE': 'SUBNET', 'PWD': '/mnt/external/DIY/CameraModule/autonomous_rc/build/zed_interface', 'XDG_DATA_DIRS': '/usr/share/gnome:/home/u_ramesa2/.local/share/flatpak/exports/share:/var/lib/flatpak/exports/share:/usr/local/share:/usr/share:/var/lib/snapd/desktop', 'PYTHONPATH': '/home/u_ramesa2/micromamba/envs/ros_env_jazzy/lib/python/site-packages:/home/u_ramesa2/micromamba/envs/ros_env_jazzy/lib/python3.12/site-packages', 'CONDA_PREFIX': '/home/u_ramesa2/micromamba/envs/ros_env_jazzy', 'GSETTINGS_SCHEMA_DIR_CONDA_BACKUP': '', 'COLCON': '1', 'MANPATH': ':/opt/puppetlabs/puppet/share/man', 'CMAKE_PREFIX_PATH': '/home/u_ramesa2/micromamba/envs/ros_env_jazzy'}), 'shell': False}
[3.405251] (-) TimerEvent: {}
[3.448097] (zed_interface) StdoutLine: {'line': b'[ 66%] Building CXX object CMakeFiles/zed_interface_node.dir/src/main.cpp.o\n'}
[3.448335] (zed_interface) StdoutLine: {'line': b'[ 66%] Building CXX object CMakeFiles/zed_interface_node.dir/src/zed_interface_node.cpp.o\n'}
[3.505348] (-) TimerEvent: {}
[3.605532] (-) TimerEvent: {}
[3.705720] (-) TimerEvent: {}
[3.805921] (-) TimerEvent: {}
[3.906125] (-) TimerEvent: {}
[3.960857] (safety_manager) StdoutLine: {'line': b'-- Using all available rosidl_typesupport_c: rosidl_typesupport_fastrtps_c;rosidl_typesupport_introspection_c\n'}
[4.006238] (-) TimerEvent: {}
[4.106432] (-) TimerEvent: {}
[4.206630] (-) TimerEvent: {}
[4.306836] (-) TimerEvent: {}
[4.407039] (-) TimerEvent: {}
[4.409993] (safety_manager) StdoutLine: {'line': b'-- Using all available rosidl_typesupport_cpp: rosidl_typesupport_fastrtps_cpp;rosidl_typesupport_introspection_cpp\n'}
[4.416645] (safety_manager) StdoutLine: {'line': b'-- Found python_cmake_module: 0.11.1 (/home/u_ramesa2/micromamba/envs/ros_env_jazzy/share/python_cmake_module/cmake)\n'}
[4.508390] (-) TimerEvent: {}
[4.597775] (safety_manager) StdoutLine: {'line': b'-- Found PythonExtra: /home/u_ramesa2/micromamba/envs/ros_env_jazzy/bin/python3\n'}
[4.608492] (-) TimerEvent: {}
[4.685052] (zed_interface) StderrLine: {'line': b'In file included from /mnt/external/DIY/CameraModule/autonomous_rc/src/zed_interface/include/zed_interface/zed_interface_node.hpp:16,\n'}
[4.685419] (zed_interface) StderrLine: {'line': b'                 from /mnt/external/DIY/CameraModule/autonomous_rc/src/zed_interface/src/zed_interface_node.cpp:1:\n'}
[4.685659] (zed_interface) StderrLine: {'line': b'/usr/local/zed/include/sl/Camera.hpp:1156:20: warning: ISO C++ prohibits anonymous structs [-Wpedantic]\n'}
[4.685829] (zed_interface) StderrLine: {'line': b' 1156 |             struct {\n'}
[4.685921] (zed_interface) StderrLine: {'line': b'      |                    ^\n'}
[4.686011] (zed_interface) StderrLine: {'line': b'/usr/local/zed/include/sl/Camera.hpp:1307:20: warning: ISO C++ prohibits anonymous structs [-Wpedantic]\n'}
[4.686117] (zed_interface) StderrLine: {'line': b' 1307 |             struct {\n'}
[4.686221] (zed_interface) StderrLine: {'line': b'      |                    ^\n'}
[4.686603] (zed_interface) StderrLine: {'line': b'/usr/local/zed/include/sl/Camera.hpp:1493:20: warning: ISO C++ prohibits anonymous structs [-Wpedantic]\n'}
[4.686703] (zed_interface) StderrLine: {'line': b' 1493 |             struct {\n'}
[4.686790] (zed_interface) StderrLine: {'line': b'      |                    ^\n'}
[4.686873] (zed_interface) StderrLine: {'line': b'/usr/local/zed/include/sl/Camera.hpp:1551:33: warning: template-id not allowed for constructor in C++20 [-Wtemplate-id-cdtor]\n'}
[4.686963] (zed_interface) StderrLine: {'line': b' 1551 |         _FCT_CPU_GPU_ Vector2<T>(const Vector2<T> &v) {\n'}
[4.687044] (zed_interface) StderrLine: {'line': b'      |                                 ^\n'}
[4.687143] (zed_interface) StderrLine: {'line': b"/usr/local/zed/include/sl/Camera.hpp:1551:33: note: remove the '< >'\n"}
[4.687231] (zed_interface) StderrLine: {'line': b'/usr/local/zed/include/sl/Camera.hpp:1708:20: warning: ISO C++ prohibits anonymous structs [-Wpedantic]\n'}
[4.687329] (zed_interface) StderrLine: {'line': b' 1708 |             struct {\n'}
[4.687411] (zed_interface) StderrLine: {'line': b'      |                    ^\n'}
[4.687501] (zed_interface) StderrLine: {'line': b'/usr/local/zed/include/sl/Camera.hpp:1712:20: warning: ISO C++ prohibits anonymous structs [-Wpedantic]\n'}
[4.687592] (zed_interface) StderrLine: {'line': b' 1712 |             struct {\n'}
[4.687681] (zed_interface) StderrLine: {'line': b'      |                    ^\n'}
[4.687772] (zed_interface) StderrLine: {'line': b'/usr/local/zed/include/sl/Camera.hpp:1716:20: warning: ISO C++ prohibits anonymous structs [-Wpedantic]\n'}
[4.688218] (zed_interface) StderrLine: {'line': b' 1716 |             struct {\n'}
[4.688323] (zed_interface) StderrLine: {'line': b'      |                    ^\n'}
[4.688413] (zed_interface) StderrLine: {'line': b'/usr/local/zed/include/sl/Camera.hpp:1777:33: warning: template-id not allowed for constructor in C++20 [-Wtemplate-id-cdtor]\n'}
[4.688499] (zed_interface) StderrLine: {'line': b' 1777 |         _FCT_CPU_GPU_ Vector3<T>(const Vector3<T> &v) {\n'}
[4.688590] (zed_interface) StderrLine: {'line': b'      |                                 ^\n'}
[4.688673] (zed_interface) StderrLine: {'line': b"/usr/local/zed/include/sl/Camera.hpp:1777:33: note: remove the '< >'\n"}
[4.688756] (zed_interface) StderrLine: {'line': b'/usr/local/zed/include/sl/Camera.hpp:1788:33: warning: template-id not allowed for constructor in C++20 [-Wtemplate-id-cdtor]\n'}
[4.688837] (zed_interface) StderrLine: {'line': b' 1788 |         _FCT_CPU_GPU_ Vector3<T>(const Vector2<T> &v, const T d = 0) {\n'}
[4.688919] (zed_interface) StderrLine: {'line': b'      |                                 ^\n'}
[4.689002] (zed_interface) StderrLine: {'line': b"/usr/local/zed/include/sl/Camera.hpp:1788:33: note: remove the '< >'\n"}
[4.689097] (zed_interface) StderrLine: {'line': b'/usr/local/zed/include/sl/Camera.hpp:1799:33: warning: template-id not allowed for constructor in C++20 [-Wtemplate-id-cdtor]\n'}
[4.689210] (zed_interface) StderrLine: {'line': b' 1799 |         _FCT_CPU_GPU_ Vector3<T>(const Vector4<T>& v) {\n'}
[4.689293] (zed_interface) StderrLine: {'line': b'      |                                 ^\n'}
[4.689376] (zed_interface) StderrLine: {'line': b"/usr/local/zed/include/sl/Camera.hpp:1799:33: note: remove the '< >'\n"}
[4.689459] (zed_interface) StderrLine: {'line': b'/usr/local/zed/include/sl/Camera.hpp:2024:20: warning: ISO C++ prohibits anonymous structs [-Wpedantic]\n'}
[4.689542] (zed_interface) StderrLine: {'line': b' 2024 |             struct {\n'}
[4.689624] (zed_interface) StderrLine: {'line': b'      |                    ^\n'}
[4.689705] (zed_interface) StderrLine: {'line': b'/usr/local/zed/include/sl/Camera.hpp:2028:20: warning: ISO C++ prohibits anonymous structs [-Wpedantic]\n'}
[4.689789] (zed_interface) StderrLine: {'line': b' 2028 |             struct {\n'}
[4.689870] (zed_interface) StderrLine: {'line': b'      |                    ^\n'}
[4.689953] (zed_interface) StderrLine: {'line': b'/usr/local/zed/include/sl/Camera.hpp:2032:20: warning: ISO C++ prohibits anonymous structs [-Wpedantic]\n'}
[4.690039] (zed_interface) StderrLine: {'line': b' 2032 |             struct {\n'}
[4.690132] (zed_interface) StderrLine: {'line': b'      |                    ^\n'}
[4.690218] (zed_interface) StderrLine: {'line': b'/usr/local/zed/include/sl/Camera.hpp:2096:33: warning: template-id not allowed for constructor in C++20 [-Wtemplate-id-cdtor]\n'}
[4.690306] (zed_interface) StderrLine: {'line': b' 2096 |         _FCT_CPU_GPU_ Vector4<T>(const Vector4<T> &v) {\n'}
[4.690696] (zed_interface) StderrLine: {'line': b'      |                                 ^\n'}
[4.690782] (zed_interface) StderrLine: {'line': b"/usr/local/zed/include/sl/Camera.hpp:2096:33: note: remove the '< >'\n"}
[4.690865] (zed_interface) StderrLine: {'line': b'/usr/local/zed/include/sl/Camera.hpp:2108:33: warning: template-id not allowed for constructor in C++20 [-Wtemplate-id-cdtor]\n'}
[4.690954] (zed_interface) StderrLine: {'line': b' 2108 |         _FCT_CPU_GPU_ Vector4<T>(const Vector4<T> &v, const T d) {\n'}
[4.691143] (zed_interface) StderrLine: {'line': b'      |                                 ^\n'}
[4.691313] (zed_interface) StderrLine: {'line': b"/usr/local/zed/include/sl/Camera.hpp:2108:33: note: remove the '< >'\n"}
[4.691392] (zed_interface) StderrLine: {'line': b'/usr/local/zed/include/sl/Camera.hpp:2120:33: warning: template-id not allowed for constructor in C++20 [-Wtemplate-id-cdtor]\n'}
[4.691471] (zed_interface) StderrLine: {'line': b' 2120 |         _FCT_CPU_GPU_ Vector4<T>(const Vector3<T>& v, const T d = 0) {\n'}
[4.691554] (zed_interface) StderrLine: {'line': b'      |                                 ^\n'}
[4.691630] (zed_interface) StderrLine: {'line': b"/usr/local/zed/include/sl/Camera.hpp:2120:33: note: remove the '< >'\n"}
[4.691704] (zed_interface) StderrLine: {'line': b"/usr/local/zed/include/sl/Camera.hpp: In function 'sl::Timestamp sl::operator+(Timestamp, const Timestamp&)':\n"}
[4.691778] (zed_interface) StderrLine: {'line': b"/usr/local/zed/include/sl/Camera.hpp:2583:16: warning: implicitly-declared 'constexpr sl::Timestamp::Timestamp(const sl::Timestamp&)' is deprecated [-Wdeprecated-copy]\n"}
[4.691862] (zed_interface) StderrLine: {'line': b' 2583 |         return lhs;\n'}
[4.691935] (zed_interface) StderrLine: {'line': b'      |                ^~~\n'}
[4.692011] (zed_interface) StderrLine: {'line': b"/usr/local/zed/include/sl/Camera.hpp:2504:20: note: because 'sl::Timestamp' has user-provided 'sl::Timestamp& sl::Timestamp::operator=(sl::Timestamp)'\n"}
[4.692089] (zed_interface) StderrLine: {'line': b' 2504 |         Timestamp& operator=(Timestamp other) {\n'}
[4.692177] (zed_interface) StderrLine: {'line': b'      |                    ^~~~~~~~\n'}
[4.692254] (zed_interface) StderrLine: {'line': b"/usr/local/zed/include/sl/Camera.hpp: In function 'sl::Timestamp sl::operator-(Timestamp, const Timestamp&)':\n"}
[4.692330] (zed_interface) StderrLine: {'line': b"/usr/local/zed/include/sl/Camera.hpp:2588:16: warning: implicitly-declared 'constexpr sl::Timestamp::Timestamp(const sl::Timestamp&)' is deprecated [-Wdeprecated-copy]\n"}
[4.692406] (zed_interface) StderrLine: {'line': b' 2588 |         return lhs;\n'}
[4.692479] (zed_interface) StderrLine: {'line': b'      |                ^~~\n'}
[4.692556] (zed_interface) StderrLine: {'line': b"/usr/local/zed/include/sl/Camera.hpp:2504:20: note: because 'sl::Timestamp' has user-provided 'sl::Timestamp& sl::Timestamp::operator=(sl::Timestamp)'\n"}
[4.692632] (zed_interface) StderrLine: {'line': b' 2504 |         Timestamp& operator=(Timestamp other) {\n'}
[4.692706] (zed_interface) StderrLine: {'line': b'      |                    ^~~~~~~~\n'}
[4.692780] (zed_interface) StderrLine: {'line': b"/usr/local/zed/include/sl/Camera.hpp: In function 'sl::Timestamp sl::operator/(Timestamp, const Timestamp&)':\n"}
[4.692857] (zed_interface) StderrLine: {'line': b"/usr/local/zed/include/sl/Camera.hpp:2593:16: warning: implicitly-declared 'constexpr sl::Timestamp::Timestamp(const sl::Timestamp&)' is deprecated [-Wdeprecated-copy]\n"}
[4.692932] (zed_interface) StderrLine: {'line': b' 2593 |         return lhs;\n'}
[4.693013] (zed_interface) StderrLine: {'line': b'      |                ^~~\n'}
[4.693086] (zed_interface) StderrLine: {'line': b"/usr/local/zed/include/sl/Camera.hpp:2504:20: note: because 'sl::Timestamp' has user-provided 'sl::Timestamp& sl::Timestamp::operator=(sl::Timestamp)'\n"}
[4.693173] (zed_interface) StderrLine: {'line': b' 2504 |         Timestamp& operator=(Timestamp other) {\n'}
[4.693250] (zed_interface) StderrLine: {'line': b'      |                    ^~~~~~~~\n'}
[4.693323] (zed_interface) StderrLine: {'line': b"/usr/local/zed/include/sl/Camera.hpp: In function 'sl::Timestamp sl::operator*(Timestamp, const Timestamp&)':\n"}
[4.693397] (zed_interface) StderrLine: {'line': b"/usr/local/zed/include/sl/Camera.hpp:2598:16: warning: implicitly-declared 'constexpr sl::Timestamp::Timestamp(const sl::Timestamp&)' is deprecated [-Wdeprecated-copy]\n"}
[4.693478] (zed_interface) StderrLine: {'line': b' 2598 |         return lhs;\n'}
[4.693554] (zed_interface) StderrLine: {'line': b'      |                ^~~\n'}
[4.693628] (zed_interface) StderrLine: {'line': b"/usr/local/zed/include/sl/Camera.hpp:2504:20: note: because 'sl::Timestamp' has user-provided 'sl::Timestamp& sl::Timestamp::operator=(sl::Timestamp)'\n"}
[4.693703] (zed_interface) StderrLine: {'line': b' 2504 |         Timestamp& operator=(Timestamp other) {\n'}
[4.693782] (zed_interface) StderrLine: {'line': b'      |                    ^~~~~~~~\n'}
[4.693858] (zed_interface) StderrLine: {'line': b"/usr/local/zed/include/sl/Camera.hpp: In function 'sl::Timestamp sl::getCurrentTimeStamp()':\n"}
[4.693936] (zed_interface) StderrLine: {'line': b"/usr/local/zed/include/sl/Camera.hpp:2632:16: warning: implicitly-declared 'constexpr sl::Timestamp::Timestamp(const sl::Timestamp&)' is deprecated [-Wdeprecated-copy]\n"}
[4.694011] (zed_interface) StderrLine: {'line': b' 2632 |         return current_ts;\n'}
[4.694085] (zed_interface) StderrLine: {'line': b'      |                ^~~~~~~~~~\n'}
[4.694180] (zed_interface) StderrLine: {'line': b"/usr/local/zed/include/sl/Camera.hpp:2504:20: note: because 'sl::Timestamp' has user-provided 'sl::Timestamp& sl::Timestamp::operator=(sl::Timestamp)'\n"}
[4.694274] (zed_interface) StderrLine: {'line': b' 2504 |         Timestamp& operator=(Timestamp other) {\n'}
[4.694351] (zed_interface) StderrLine: {'line': b'      |                    ^~~~~~~~\n'}
[4.694425] (zed_interface) StderrLine: {'line': b"/usr/local/zed/include/sl/Camera.hpp: In function 'cudaError sl::__cudaSafeCall(cudaError, const char*, const char*, int)':\n"}
[4.694502] (zed_interface) StderrLine: {'line': b"/usr/local/zed/include/sl/Camera.hpp:2639:89: warning: unused parameter 'file' [-Wunused-parameter]\n"}
[4.694579] (zed_interface) StderrLine: {'line': b' 2639 |     static inline cudaError __cudaSafeCall(cudaError err, const char *func, const char *file, const int line) {\n'}
[4.694655] (zed_interface) StderrLine: {'line': b'      |                                                                             ~~~~~~~~~~~~^~~~\n'}
[4.694729] (zed_interface) StderrLine: {'line': b"/usr/local/zed/include/sl/Camera.hpp:2639:105: warning: unused parameter 'line' [-Wunused-parameter]\n"}
[4.694807] (zed_interface) StderrLine: {'line': b' 2639 |     static inline cudaError __cudaSafeCall(cudaError err, const char *func, const char *file, const int line) {\n'}
[4.694882] (zed_interface) StderrLine: {'line': b'      |                                                                                               ~~~~~~~~~~^~~~\n'}
[4.698185] (zed_interface) StderrLine: {'line': b"/usr/local/zed/include/sl/Camera.hpp: In member function 'sl::CalibrationParameters sl::CalibrationParameters::scale(const sl::Resolution&) const':\n"}
[4.698406] (zed_interface) StderrLine: {'line': b"/usr/local/zed/include/sl/Camera.hpp:3755:62: warning: implicitly-declared 'sl::Transform& sl::Transform::operator=(const sl::Transform&)' is deprecated [-Wdeprecated-copy]\n"}
[4.698524] (zed_interface) StderrLine: {'line': b' 3755 |             output_calibration_parameters.stereo_transform = stereo_transform;\n'}
[4.698611] (zed_interface) StderrLine: {'line': b'      |                                                              ^~~~~~~~~~~~~~~~\n'}
[4.698693] (zed_interface) StderrLine: {'line': b"/usr/local/zed/include/sl/Camera.hpp:3538:9: note: because 'sl::Transform' has user-provided 'sl::Transform::Transform(const sl::Transform&)'\n"}
[4.698775] (zed_interface) StderrLine: {'line': b' 3538 |         Transform(const Transform &motion);\n'}
[4.698858] (zed_interface) StderrLine: {'line': b'      |         ^~~~~~~~~\n'}
[4.698936] (zed_interface) StderrLine: {'line': b"/usr/local/zed/include/sl/Camera.hpp: In member function 'sl::Transform& sl::Transform::operator=(const sl::Transform&)':\n"}
[4.699014] (zed_interface) StderrLine: {'line': b"/usr/local/zed/include/sl/Camera.hpp:3527:60: warning: implicitly-declared 'sl::Matrix4f& sl::Matrix4f::operator=(const sl::Matrix4f&)' is deprecated [-Wdeprecated-copy]\n"}
[4.699097] (zed_interface) StderrLine: {'line': b' 3527 |     class /*@cond SHOWHIDDEN*/ SL_CORE_EXPORT /*@endcond*/ Transform : public Matrix4f {\n'}
[4.699190] (zed_interface) StderrLine: {'line': b'      |                                                            ^~~~~~~~~\n'}
[4.699268] (zed_interface) StderrLine: {'line': b"/usr/local/zed/include/sl/Camera.hpp:1329:9: note: because 'sl::Matrix4f' has user-provided 'sl::Matrix4f::Matrix4f(const sl::Matrix4f&)'\n"}
[4.699347] (zed_interface) StderrLine: {'line': b' 1329 |         Matrix4f(const Matrix4f &mat);\n'}
[4.699426] (zed_interface) StderrLine: {'line': b'      |         ^~~~~~~~\n'}
[4.699504] (zed_interface) StderrLine: {'line': b"/usr/local/zed/include/sl/Camera.hpp: In member function 'sl::CalibrationParameters sl::CalibrationParameters::scale(const sl::Resolution&) const':\n"}
[4.699587] (zed_interface) StderrLine: {'line': b"/usr/local/zed/include/sl/Camera.hpp:3755:62: note: synthesized method 'sl::Transform& sl::Transform::operator=(const sl::Transform&)' first required here\n"}
[4.699665] (zed_interface) StderrLine: {'line': b' 3755 |             output_calibration_parameters.stereo_transform = stereo_transform;\n'}
[4.699743] (zed_interface) StderrLine: {'line': b'      |                                                              ^~~~~~~~~~~~~~~~\n'}
[4.708593] (-) TimerEvent: {}
[4.739665] (planner) StdoutLine: {'line': b'[ 50%] Linking CXX static library libplanner_core.a\n'}
[4.769170] (zed_interface) StderrLine: {'line': b"/usr/local/zed/include/sl/Camera.hpp: In constructor 'sl::SVOData::SVOData(std::string&, std::vector<unsigned char>&, sl::Timestamp)':\n"}
[4.769402] (zed_interface) StderrLine: {'line': b"/usr/local/zed/include/sl/Camera.hpp:6058:28: warning: implicitly-declared 'constexpr sl::Timestamp::Timestamp(const sl::Timestamp&)' is deprecated [-Wdeprecated-copy]\n"}
[4.769519] (zed_interface) StderrLine: {'line': b' 6058 |             timestamp_ns = timestamp_ns_;\n'}
[4.769618] (zed_interface) StderrLine: {'line': b'      |                            ^~~~~~~~~~~~~\n'}
[4.769705] (zed_interface) StderrLine: {'line': b"/usr/local/zed/include/sl/Camera.hpp:2504:20: note: because 'sl::Timestamp' has user-provided 'sl::Timestamp& sl::Timestamp::operator=(sl::Timestamp)'\n"}
[4.769789] (zed_interface) StderrLine: {'line': b' 2504 |         Timestamp& operator=(Timestamp other) {\n'}
[4.769868] (zed_interface) StderrLine: {'line': b'      |                    ^~~~~~~~\n'}
[4.769946] (zed_interface) StderrLine: {'line': b"/usr/local/zed/include/sl/Camera.hpp:2504:40: note: initializing argument 1 of 'sl::Timestamp& sl::Timestamp::operator=(sl::Timestamp)'\n"}
[4.770028] (zed_interface) StderrLine: {'line': b' 2504 |         Timestamp& operator=(Timestamp other) {\n'}
[4.770116] (zed_interface) StderrLine: {'line': b'      |                              ~~~~~~~~~~^~~~~\n'}
[4.783566] (planner) StdoutLine: {'line': b'[ 50%] Built target planner_core\n'}
[4.792451] (zed_interface) StderrLine: {'line': b'/usr/local/zed/include/sl/Camera.hpp: At global scope:\n'}
[4.792698] (zed_interface) StderrLine: {'line': b'/usr/local/zed/include/sl/Camera.hpp:6984:12: warning: type qualifiers ignored on function return type [-Wignored-qualifiers]\n'}
[4.792812] (zed_interface) StderrLine: {'line': b' 6984 |     inline const void /*@cond SHOWHIDDEN*/SL_SDK_EXPORT/*@endcond*/ getZEDSDKBuildVersion(int &major, int& minor, int& patch) {\n'}
[4.792905] (zed_interface) StderrLine: {'line': b'      |            ^~~~~\n'}
[4.808699] (-) TimerEvent: {}
[4.813314] (planner) StdoutLine: {'line': b'[ 83%] Building CXX object CMakeFiles/local_planner_node.dir/src/main.cpp.o\n'}
[4.813539] (planner) StdoutLine: {'line': b'[ 83%] Building CXX object CMakeFiles/local_planner_node.dir/src/local_planner_node.cpp.o\n'}
[4.908880] (-) TimerEvent: {}
[5.012531] (-) TimerEvent: {}
[5.112734] (-) TimerEvent: {}
[5.216157] (-) TimerEvent: {}
[5.306832] (safety_manager) StdoutLine: {'line': b'-- Found Python3: /home/u_ramesa2/micromamba/envs/ros_env_jazzy/bin/python3 (found version "3.12.14") found components: Interpreter Development NumPy Development.Module Development.Embed\n'}
[5.316281] (-) TimerEvent: {}
[5.416478] (-) TimerEvent: {}
[5.472657] (safety_manager) StdoutLine: {'line': b'-- Found Python3: /home/u_ramesa2/micromamba/envs/ros_env_jazzy/bin/python3 (found version "3.12.14") found components: Interpreter\n'}
[5.485784] (safety_manager) StdoutLine: {'line': b'-- Found ament_lint_auto: 0.17.5 (/home/u_ramesa2/micromamba/envs/ros_env_jazzy/share/ament_lint_auto/cmake)\n'}
[5.516594] (-) TimerEvent: {}
[5.562157] (safety_manager) StdoutLine: {'line': b"-- Added test 'copyright' to check source files copyright and LICENSE\n"}
[5.565983] (safety_manager) StdoutLine: {'line': b"-- Added test 'cppcheck' to perform static code analysis on C / C++ code\n"}
[5.568086] (safety_manager) StdoutLine: {'line': b'-- Configured cppcheck include dirs: /mnt/external/DIY/CameraModule/autonomous_rc/src/safety_manager/include;/mnt/external/DIY/CameraModule/autonomous_rc/src/safety_manager/common\n'}
[5.568312] (safety_manager) StdoutLine: {'line': b'-- Configured cppcheck exclude dirs and/or files: \n'}
[5.571645] (safety_manager) StdoutLine: {'line': b"-- Added test 'cpplint' to check C / C++ code against the Google style\n"}
[5.571899] (safety_manager) StdoutLine: {'line': b'-- Configured cpplint exclude dirs and/or files: \n'}
[5.572963] (safety_manager) StdoutLine: {'line': b"-- Added test 'flake8' to check Python code syntax and style conventions\n"}
[5.573173] (safety_manager) StdoutLine: {'line': b"-- Configured 'flake8' exclude dirs and/or files: \n"}
[5.574395] (safety_manager) StdoutLine: {'line': b"-- Added test 'lint_cmake' to check CMake code style\n"}
[5.575557] (safety_manager) StdoutLine: {'line': b"-- Added test 'pep257' to check Python code against some of the docstring style conventions in PEP 257\n"}
[5.578871] (safety_manager) StdoutLine: {'line': b"-- Added test 'uncrustify' to check C / C++ code style\n"}
[5.579124] (safety_manager) StdoutLine: {'line': b'-- Configured uncrustify additional arguments: \n'}
[5.580084] (safety_manager) StdoutLine: {'line': b"-- Added test 'xmllint' to check XML markup files\n"}
[5.596236] (safety_manager) StdoutLine: {'line': b'-- Configuring done (5.6s)\n'}
[5.616711] (-) TimerEvent: {}
[5.716929] (-) TimerEvent: {}
[5.817134] (-) TimerEvent: {}
[5.832054] (safety_manager) StdoutLine: {'line': b'-- Generating done (0.2s)\n'}
[5.917253] (-) TimerEvent: {}
[5.947980] (safety_manager) StdoutLine: {'line': b'-- Build files have been written to: /mnt/external/DIY/CameraModule/autonomous_rc/build/safety_manager\n'}
[5.968132] (safety_manager) CommandEnded: {'returncode': 0}
[5.968849] (safety_manager) JobProgress: {'identifier': 'safety_manager', 'progress': 'build'}
[5.969329] (safety_manager) Command: {'cmd': ['/home/u_ramesa2/micromamba/envs/ros_env_jazzy/bin/cmake', '--build', '/mnt/external/DIY/CameraModule/autonomous_rc/build/safety_manager', '--', '-j20', '-l20'], 'cwd': '/mnt/external/DIY/CameraModule/autonomous_rc/build/safety_manager', 'env': OrderedDict({'CONDA_PROMPT_MODIFIER': '(ros_env_jazzy)', 'ROS_ETC_DIR': '/home/u_ramesa2/micromamba/envs/ros_env_jazzy/etc/ros', 'SHLVL': '0', 'HOME': '/home/u_ramesa2', 'CONDA_SHLVL': '1', 'OLDPWD': '/mnt/external/DIY/CameraModule/autonomous_rc', 'ROS_PYTHON_VERSION': '3', 'GTK_MODULES': 'appmenu-gtk-module', 'LC_CTYPE': 'C.UTF-8', 'UBUNTU_MENUPROXY': '1', 'ROS_DISTRO': 'jazzy', '_': '/home/u_ramesa2/micromamba/envs/ros_env_jazzy/bin/colcon', 'ROS_VERSION': '2', 'ROS_OS_OVERRIDE': 'conda:linux', 'PATH': '/usr/local/cuda/bin:/home/u_ramesa2/micromamba/envs/ros_env_jazzy/bin:/home/u_ramesa2/micromamba/condabin:/home/u_ramesa2/.local/bin:/usr/local/sbin:/usr/local/bin:/usr/sbin:/usr/bin:/sbin:/bin:/snap/bin:/opt/puppetlabs/bin', 'MAMBA_ROOT_PREFIX': '/home/u_ramesa2/micromamba', 'XML_CATALOG_FILES': 'file:///home/u_ramesa2/micromamba/envs/ros_env_jazzy/etc/xml/catalog file:///etc/xml/catalog', 'GSETTINGS_SCHEMA_DIR': '/home/u_ramesa2/micromamba/envs/ros_env_jazzy/share/glib-2.0/schemas', 'AMENT_PREFIX_PATH': '/home/u_ramesa2/micromamba/envs/ros_env_jazzy', 'CONDA_DEFAULT_ENV': 'ros_env_jazzy', 'ROS_AUTOMATIC_DISCOVERY_RANGE': 'SUBNET', 'PWD': '/mnt/external/DIY/CameraModule/autonomous_rc/build/safety_manager', 'XDG_DATA_DIRS': '/usr/share/gnome:/home/u_ramesa2/.local/share/flatpak/exports/share:/var/lib/flatpak/exports/share:/usr/local/share:/usr/share:/var/lib/snapd/desktop', 'PYTHONPATH': '/home/u_ramesa2/micromamba/envs/ros_env_jazzy/lib/python/site-packages:/home/u_ramesa2/micromamba/envs/ros_env_jazzy/lib/python3.12/site-packages', 'CONDA_PREFIX': '/home/u_ramesa2/micromamba/envs/ros_env_jazzy', 'GSETTINGS_SCHEMA_DIR_CONDA_BACKUP': '', 'COLCON': '1', 'MANPATH': ':/opt/puppetlabs/puppet/share/man', 'CMAKE_PREFIX_PATH': '/home/u_ramesa2/micromamba/envs/ros_env_jazzy'}), 'shell': False}
[6.017357] (-) TimerEvent: {}
[6.050174] (safety_manager) StdoutLine: {'line': b'[  2%] Generating type hashes for ROS interfaces\n'}
[6.054868] (safety_manager) StdoutLine: {'line': b'[  4%] Generating Rust code for ROS interfaces\n'}
[6.056222] (safety_manager) StdoutLine: {'line': b'[  4%] Built target ament_cmake_python_symlink_safety_manager\n'}
[6.117453] (-) TimerEvent: {}
[6.198913] (lane_detection) StdoutLine: {'line': b'[ 40%] Linking CXX static library liblane_detector.a\n'}
[6.217558] (-) TimerEvent: {}
[6.233884] (lane_detection) StdoutLine: {'line': b'[ 40%] Built target lane_detector\n'}
[6.261084] (lane_detection) StdoutLine: {'line': b'[ 80%] Building CXX object CMakeFiles/lane_detection_node.dir/src/lane_detection_node.cpp.o\n'}
[6.261972] (lane_detection) StdoutLine: {'line': b'[ 80%] Building CXX object CMakeFiles/lane_detection_node.dir/src/main.cpp.o\n'}
[6.317629] (-) TimerEvent: {}
[6.370969] (safety_manager) StdoutLine: {'line': b'running egg_info\n'}
[6.374014] (safety_manager) StdoutLine: {'line': b'[  4%] Built target safety_manager__rosidl_generator_type_description\n'}
[6.393432] (safety_manager) StdoutLine: {'line': b'[  6%] Generating C code for ROS interfaces\n'}
[6.395172] (safety_manager) StdoutLine: {'line': b'creating safety_manager.egg-info\n'}
[6.395461] (safety_manager) StdoutLine: {'line': b'writing safety_manager.egg-info/PKG-INFO\n'}
[6.396564] (safety_manager) StdoutLine: {'line': b'writing dependency_links to safety_manager.egg-info/dependency_links.txt\n'}
[6.398265] (safety_manager) StdoutLine: {'line': b'writing top-level names to safety_manager.egg-info/top_level.txt\n'}
[6.398733] (safety_manager) StdoutLine: {'line': b"writing manifest file 'safety_manager.egg-info/SOURCES.txt'\n"}
[6.408765] (safety_manager) StdoutLine: {'line': b'[  8%] Generating C++ code for ROS interfaces\n'}
[6.417750] (-) TimerEvent: {}
[6.478002] (safety_manager) StdoutLine: {'line': b"reading manifest file 'safety_manager.egg-info/SOURCES.txt'\n"}
[6.479662] (safety_manager) StdoutLine: {'line': b"writing manifest file 'safety_manager.egg-info/SOURCES.txt'\n"}
[6.514413] (safety_manager) StdoutLine: {'line': b'[  8%] Built target safety_manager__rs\n'}
[6.517858] (-) TimerEvent: {}
[6.530208] (safety_manager) StdoutLine: {'line': b'[  8%] Built target ament_cmake_python_build_safety_manager_egg\n'}
[6.617958] (-) TimerEvent: {}
[6.718231] (-) TimerEvent: {}
[6.768334] (zed_interface) StderrLine: {'line': b'In file included from /mnt/external/DIY/CameraModule/autonomous_rc/src/zed_interface/include/zed_interface/zed_interface_node.hpp:16,\n'}
[6.768583] (zed_interface) StderrLine: {'line': b'                 from /mnt/external/DIY/CameraModule/autonomous_rc/src/zed_interface/src/main.cpp:2:\n'}
[6.768809] (zed_interface) StderrLine: {'line': b'/usr/local/zed/include/sl/Camera.hpp:1156:20: warning: ISO C++ prohibits anonymous structs [-Wpedantic]\n'}
[6.768925] (zed_interface) StderrLine: {'line': b' 1156 |             struct {\n'}
[6.769012] (zed_interface) StderrLine: {'line': b'      |                    ^\n'}
[6.769110] (zed_interface) StderrLine: {'line': b'/usr/local/zed/include/sl/Camera.hpp:1307:20: warning: ISO C++ prohibits anonymous structs [-Wpedantic]\n'}
[6.769405] (zed_interface) StderrLine: {'line': b' 1307 |             struct {\n'}
[6.769515] (zed_interface) StderrLine: {'line': b'      |                    ^\n'}
[6.769602] (zed_interface) StderrLine: {'line': b'/usr/local/zed/include/sl/Camera.hpp:1493:20: warning: ISO C++ prohibits anonymous structs [-Wpedantic]\n'}
[6.769686] (zed_interface) StderrLine: {'line': b' 1493 |             struct {\n'}
[6.769769] (zed_interface) StderrLine: {'line': b'      |                    ^\n'}
[6.769850] (zed_interface) StderrLine: {'line': b'/usr/local/zed/include/sl/Camera.hpp:1551:33: warning: template-id not allowed for constructor in C++20 [-Wtemplate-id-cdtor]\n'}
[6.769936] (zed_interface) StderrLine: {'line': b' 1551 |         _FCT_CPU_GPU_ Vector2<T>(const Vector2<T> &v) {\n'}
[6.770015] (zed_interface) StderrLine: {'line': b'      |                                 ^\n'}
[6.770094] (zed_interface) StderrLine: {'line': b"/usr/local/zed/include/sl/Camera.hpp:1551:33: note: remove the '< >'\n"}
[6.770380] (zed_interface) StderrLine: {'line': b'/usr/local/zed/include/sl/Camera.hpp:1708:20: warning: ISO C++ prohibits anonymous structs [-Wpedantic]\n'}
[6.770641] (zed_interface) StderrLine: {'line': b' 1708 |             struct {\n'}
[6.770732] (zed_interface) StderrLine: {'line': b'      |                    ^\n'}
[6.770815] (zed_interface) StderrLine: {'line': b'/usr/local/zed/include/sl/Camera.hpp:1712:20: warning: ISO C++ prohibits anonymous structs [-Wpedantic]\n'}
[6.770909] (zed_interface) StderrLine: {'line': b' 1712 |             struct {\n'}
[6.770988] (zed_interface) StderrLine: {'line': b'      |                    ^\n'}
[6.771066] (zed_interface) StderrLine: {'line': b'/usr/local/zed/include/sl/Camera.hpp:1716:20: warning: ISO C++ prohibits anonymous structs [-Wpedantic]\n'}
[6.771163] (zed_interface) StderrLine: {'line': b' 1716 |             struct {\n'}
[6.771247] (zed_interface) StderrLine: {'line': b'      |                    ^\n'}
[6.771328] (zed_interface) StderrLine: {'line': b'/usr/local/zed/include/sl/Camera.hpp:1777:33: warning: template-id not allowed for constructor in C++20 [-Wtemplate-id-cdtor]\n'}
[6.771412] (zed_interface) StderrLine: {'line': b' 1777 |         _FCT_CPU_GPU_ Vector3<T>(const Vector3<T> &v) {\n'}
[6.771498] (zed_interface) StderrLine: {'line': b'      |                                 ^\n'}
[6.771579] (zed_interface) StderrLine: {'line': b"/usr/local/zed/include/sl/Camera.hpp:1777:33: note: remove the '< >'\n"}
[6.771658] (zed_interface) StderrLine: {'line': b'/usr/local/zed/include/sl/Camera.hpp:1788:33: warning: template-id not allowed for constructor in C++20 [-Wtemplate-id-cdtor]\n'}
[6.771741] (zed_interface) StderrLine: {'line': b' 1788 |         _FCT_CPU_GPU_ Vector3<T>(const Vector2<T> &v, const T d = 0) {\n'}
[6.771825] (zed_interface) StderrLine: {'line': b'      |                                 ^\n'}
[6.771905] (zed_interface) StderrLine: {'line': b"/usr/local/zed/include/sl/Camera.hpp:1788:33: note: remove the '< >'\n"}
[6.771987] (zed_interface) StderrLine: {'line': b'/usr/local/zed/include/sl/Camera.hpp:1799:33: warning: template-id not allowed for constructor in C++20 [-Wtemplate-id-cdtor]\n'}
[6.772068] (zed_interface) StderrLine: {'line': b' 1799 |         _FCT_CPU_GPU_ Vector3<T>(const Vector4<T>& v) {\n'}
[6.772157] (zed_interface) StderrLine: {'line': b'      |                                 ^\n'}
[6.772240] (zed_interface) StderrLine: {'line': b"/usr/local/zed/include/sl/Camera.hpp:1799:33: note: remove the '< >'\n"}
[6.774140] (zed_interface) StderrLine: {'line': b'/usr/local/zed/include/sl/Camera.hpp:2024:20: warning: ISO C++ prohibits anonymous structs [-Wpedantic]\n'}
[6.774356] (zed_interface) StderrLine: {'line': b' 2024 |             struct {\n'}
[6.774455] (zed_interface) StderrLine: {'line': b'      |                    ^\n'}
[6.774540] (zed_interface) StderrLine: {'line': b'/usr/local/zed/include/sl/Camera.hpp:2028:20: warning: ISO C++ prohibits anonymous structs [-Wpedantic]\n'}
[6.774636] (zed_interface) StderrLine: {'line': b' 2028 |             struct {\n'}
[6.774718] (zed_interface) StderrLine: {'line': b'      |                    ^\n'}
[6.774800] (zed_interface) StderrLine: {'line': b'/usr/local/zed/include/sl/Camera.hpp:2032:20: warning: ISO C++ prohibits anonymous structs [-Wpedantic]\n'}
[6.774882] (zed_interface) StderrLine: {'line': b' 2032 |             struct {\n'}
[6.774962] (zed_interface) StderrLine: {'line': b'      |                    ^\n'}
[6.775041] (zed_interface) StderrLine: {'line': b'/usr/local/zed/include/sl/Camera.hpp:2096:33: warning: template-id not allowed for constructor in C++20 [-Wtemplate-id-cdtor]\n'}
[6.775136] (zed_interface) StderrLine: {'line': b' 2096 |         _FCT_CPU_GPU_ Vector4<T>(const Vector4<T> &v) {\n'}
[6.775224] (zed_interface) StderrLine: {'line': b'      |                                 ^\n'}
[6.775306] (zed_interface) StderrLine: {'line': b"/usr/local/zed/include/sl/Camera.hpp:2096:33: note: remove the '< >'\n"}
[6.775389] (zed_interface) StderrLine: {'line': b'/usr/local/zed/include/sl/Camera.hpp:2108:33: warning: template-id not allowed for constructor in C++20 [-Wtemplate-id-cdtor]\n'}
[6.775473] (zed_interface) StderrLine: {'line': b' 2108 |         _FCT_CPU_GPU_ Vector4<T>(const Vector4<T> &v, const T d) {\n'}
[6.775554] (zed_interface) StderrLine: {'line': b'      |                                 ^\n'}
[6.775636] (zed_interface) StderrLine: {'line': b"/usr/local/zed/include/sl/Camera.hpp:2108:33: note: remove the '< >'\n"}
[6.775716] (zed_interface) StderrLine: {'line': b'/usr/local/zed/include/sl/Camera.hpp:2120:33: warning: template-id not allowed for constructor in C++20 [-Wtemplate-id-cdtor]\n'}
[6.775798] (zed_interface) StderrLine: {'line': b' 2120 |         _FCT_CPU_GPU_ Vector4<T>(const Vector3<T>& v, const T d = 0) {\n'}
[6.775879] (zed_interface) StderrLine: {'line': b'      |                                 ^\n'}
[6.775963] (zed_interface) StderrLine: {'line': b"/usr/local/zed/include/sl/Camera.hpp:2120:33: note: remove the '< >'\n"}
[6.776398] (zed_interface) StderrLine: {'line': b"/usr/local/zed/include/sl/Camera.hpp: In function 'sl::Timestamp sl::operator+(Timestamp, const Timestamp&)':\n"}
[6.776592] (zed_interface) StderrLine: {'line': b"/usr/local/zed/include/sl/Camera.hpp:2583:16: warning: implicitly-declared 'constexpr sl::Timestamp::Timestamp(const sl::Timestamp&)' is deprecated [-Wdeprecated-copy]\n"}
[6.776879] (zed_interface) StderrLine: {'line': b' 2583 |         return lhs;\n'}
[6.776981] (zed_interface) StderrLine: {'line': b'      |                ^~~\n'}
[6.777066] (zed_interface) StderrLine: {'line': b"/usr/local/zed/include/sl/Camera.hpp:2504:20: note: because 'sl::Timestamp' has user-provided 'sl::Timestamp& sl::Timestamp::operator=(sl::Timestamp)'\n"}
[6.777167] (zed_interface) StderrLine: {'line': b' 2504 |         Timestamp& operator=(Timestamp other) {\n'}
[6.777250] (zed_interface) StderrLine: {'line': b'      |                    ^~~~~~~~\n'}
[6.777330] (zed_interface) StderrLine: {'line': b"/usr/local/zed/include/sl/Camera.hpp: In function 'sl::Timestamp sl::operator-(Timestamp, const Timestamp&)':\n"}
[6.777412] (zed_interface) StderrLine: {'line': b"/usr/local/zed/include/sl/Camera.hpp:2588:16: warning: implicitly-declared 'constexpr sl::Timestamp::Timestamp(const sl::Timestamp&)' is deprecated [-Wdeprecated-copy]\n"}
[6.777497] (zed_interface) StderrLine: {'line': b' 2588 |         return lhs;\n'}
[6.777583] (zed_interface) StderrLine: {'line': b'      |                ^~~\n'}
[6.777664] (zed_interface) StderrLine: {'line': b"/usr/local/zed/include/sl/Camera.hpp:2504:20: note: because 'sl::Timestamp' has user-provided 'sl::Timestamp& sl::Timestamp::operator=(sl::Timestamp)'\n"}
[6.778389] (zed_interface) StderrLine: {'line': b' 2504 |         Timestamp& operator=(Timestamp other) {\n'}
[6.778522] (zed_interface) StderrLine: {'line': b'      |                    ^~~~~~~~\n'}
[6.778610] (zed_interface) StderrLine: {'line': b"/usr/local/zed/include/sl/Camera.hpp: In function 'sl::Timestamp sl::operator/(Timestamp, const Timestamp&)':\n"}
[6.778709] (zed_interface) StderrLine: {'line': b"/usr/local/zed/include/sl/Camera.hpp:2593:16: warning: implicitly-declared 'constexpr sl::Timestamp::Timestamp(const sl::Timestamp&)' is deprecated [-Wdeprecated-copy]\n"}
[6.778794] (zed_interface) StderrLine: {'line': b' 2593 |         return lhs;\n'}
[6.778875] (zed_interface) StderrLine: {'line': b'      |                ^~~\n'}
[6.778954] (zed_interface) StderrLine: {'line': b"/usr/local/zed/include/sl/Camera.hpp:2504:20: note: because 'sl::Timestamp' has user-provided 'sl::Timestamp& sl::Timestamp::operator=(sl::Timestamp)'\n"}
[6.779046] (zed_interface) StderrLine: {'line': b' 2504 |         Timestamp& operator=(Timestamp other) {\n'}
[6.780481] (zed_interface) StderrLine: {'line': b'      |                    ^~~~~~~~\n'}
[6.780615] (zed_interface) StderrLine: {'line': b"/usr/local/zed/include/sl/Camera.hpp: In function 'sl::Timestamp sl::operator*(Timestamp, const Timestamp&)':\n"}
[6.780709] (zed_interface) StderrLine: {'line': b"/usr/local/zed/include/sl/Camera.hpp:2598:16: warning: implicitly-declared 'constexpr sl::Timestamp::Timestamp(const sl::Timestamp&)' is deprecated [-Wdeprecated-copy]\n"}
[6.780805] (zed_interface) StderrLine: {'line': b' 2598 |         return lhs;\n'}
[6.780895] (zed_interface) StderrLine: {'line': b'      |                ^~~\n'}
[6.780978] (zed_interface) StderrLine: {'line': b"/usr/local/zed/include/sl/Camera.hpp:2504:20: note: because 'sl::Timestamp' has user-provided 'sl::Timestamp& sl::Timestamp::operator=(sl::Timestamp)'\n"}
[6.781068] (zed_interface) StderrLine: {'line': b' 2504 |         Timestamp& operator=(Timestamp other) {\n'}
[6.781169] (zed_interface) StderrLine: {'line': b'      |                    ^~~~~~~~\n'}
[6.781253] (zed_interface) StderrLine: {'line': b"/usr/local/zed/include/sl/Camera.hpp: In function 'sl::Timestamp sl::getCurrentTimeStamp()':\n"}
[6.781345] (zed_interface) StderrLine: {'line': b"/usr/local/zed/include/sl/Camera.hpp:2632:16: warning: implicitly-declared 'constexpr sl::Timestamp::Timestamp(const sl::Timestamp&)' is deprecated [-Wdeprecated-copy]\n"}
[6.781433] (zed_interface) StderrLine: {'line': b' 2632 |         return current_ts;\n'}
[6.781521] (zed_interface) StderrLine: {'line': b'      |                ^~~~~~~~~~\n'}
[6.781608] (zed_interface) StderrLine: {'line': b"/usr/local/zed/include/sl/Camera.hpp:2504:20: note: because 'sl::Timestamp' has user-provided 'sl::Timestamp& sl::Timestamp::operator=(sl::Timestamp)'\n"}
[6.781694] (zed_interface) StderrLine: {'line': b' 2504 |         Timestamp& operator=(Timestamp other) {\n'}
[6.781780] (zed_interface) StderrLine: {'line': b'      |                    ^~~~~~~~\n'}
[6.781871] (zed_interface) StderrLine: {'line': b"/usr/local/zed/include/sl/Camera.hpp: In function 'cudaError sl::__cudaSafeCall(cudaError, const char*, const char*, int)':\n"}
[6.781963] (zed_interface) StderrLine: {'line': b"/usr/local/zed/include/sl/Camera.hpp:2639:89: warning: unused parameter 'file' [-Wunused-parameter]\n"}
[6.782051] (zed_interface) StderrLine: {'line': b' 2639 |     static inline cudaError __cudaSafeCall(cudaError err, const char *func, const char *file, const int line) {\n'}
[6.782178] (zed_interface) StderrLine: {'line': b'      |                                                                             ~~~~~~~~~~~~^~~~\n'}
[6.782265] (zed_interface) StderrLine: {'line': b"/usr/local/zed/include/sl/Camera.hpp:2639:105: warning: unused parameter 'line' [-Wunused-parameter]\n"}
[6.782344] (zed_interface) StderrLine: {'line': b' 2639 |     static inline cudaError __cudaSafeCall(cudaError err, const char *func, const char *file, const int line) {\n'}
[6.782423] (zed_interface) StderrLine: {'line': b'      |                                                                                               ~~~~~~~~~~^~~~\n'}
[6.787657] (zed_interface) StderrLine: {'line': b"/usr/local/zed/include/sl/Camera.hpp: In member function 'sl::CalibrationParameters sl::CalibrationParameters::scale(const sl::Resolution&) const':\n"}
[6.787894] (zed_interface) StderrLine: {'line': b"/usr/local/zed/include/sl/Camera.hpp:3755:62: warning: implicitly-declared 'sl::Transform& sl::Transform::operator=(const sl::Transform&)' is deprecated [-Wdeprecated-copy]\n"}
[6.787998] (zed_interface) StderrLine: {'line': b' 3755 |             output_calibration_parameters.stereo_transform = stereo_transform;\n'}
[6.788089] (zed_interface) StderrLine: {'line': b'      |                                                              ^~~~~~~~~~~~~~~~\n'}
[6.788187] (zed_interface) StderrLine: {'line': b"/usr/local/zed/include/sl/Camera.hpp:3538:9: note: because 'sl::Transform' has user-provided 'sl::Transform::Transform(const sl::Transform&)'\n"}
[6.788274] (zed_interface) StderrLine: {'line': b' 3538 |         Transform(const Transform &motion);\n'}
[6.788360] (zed_interface) StderrLine: {'line': b'      |         ^~~~~~~~~\n'}
[6.788450] (zed_interface) StderrLine: {'line': b"/usr/local/zed/include/sl/Camera.hpp: In member function 'sl::Transform& sl::Transform::operator=(const sl::Transform&)':\n"}
[6.788538] (zed_interface) StderrLine: {'line': b"/usr/local/zed/include/sl/Camera.hpp:3527:60: warning: implicitly-declared 'sl::Matrix4f& sl::Matrix4f::operator=(const sl::Matrix4f&)' is deprecated [-Wdeprecated-copy]\n"}
[6.788628] (zed_interface) StderrLine: {'line': b' 3527 |     class /*@cond SHOWHIDDEN*/ SL_CORE_EXPORT /*@endcond*/ Transform : public Matrix4f {\n'}
[6.788717] (zed_interface) StderrLine: {'line': b'      |                                                            ^~~~~~~~~\n'}
[6.788806] (zed_interface) StderrLine: {'line': b"/usr/local/zed/include/sl/Camera.hpp:1329:9: note: because 'sl::Matrix4f' has user-provided 'sl::Matrix4f::Matrix4f(const sl::Matrix4f&)'\n"}
[6.788897] (zed_interface) StderrLine: {'line': b' 1329 |         Matrix4f(const Matrix4f &mat);\n'}
[6.788987] (zed_interface) StderrLine: {'line': b'      |         ^~~~~~~~\n'}
[6.789078] (zed_interface) StderrLine: {'line': b"/usr/local/zed/include/sl/Camera.hpp: In member function 'sl::CalibrationParameters sl::CalibrationParameters::scale(const sl::Resolution&) const':\n"}
[6.789227] (zed_interface) StderrLine: {'line': b"/usr/local/zed/include/sl/Camera.hpp:3755:62: note: synthesized method 'sl::Transform& sl::Transform::operator=(const sl::Transform&)' first required here\n"}
[6.789322] (zed_interface) StderrLine: {'line': b' 3755 |             output_calibration_parameters.stereo_transform = stereo_transform;\n'}
[6.789415] (zed_interface) StderrLine: {'line': b'      |                                                              ^~~~~~~~~~~~~~~~\n'}
[6.819648] (-) TimerEvent: {}
[6.883680] (zed_interface) StderrLine: {'line': b"/usr/local/zed/include/sl/Camera.hpp: In constructor 'sl::SVOData::SVOData(std::string&, std::vector<unsigned char, std::allocator<unsigned char> >&, sl::Timestamp)':\n"}
[6.883951] (zed_interface) StderrLine: {'line': b"/usr/local/zed/include/sl/Camera.hpp:6058:28: warning: implicitly-declared 'constexpr sl::Timestamp::Timestamp(const sl::Timestamp&)' is deprecated [-Wdeprecated-copy]\n"}
[6.884078] (zed_interface) StderrLine: {'line': b' 6058 |             timestamp_ns = timestamp_ns_;\n'}
[6.884203] (zed_interface) StderrLine: {'line': b'      |                            ^~~~~~~~~~~~~\n'}
[6.884307] (zed_interface) StderrLine: {'line': b"/usr/local/zed/include/sl/Camera.hpp:2504:20: note: because 'sl::Timestamp' has user-provided 'sl::Timestamp& sl::Timestamp::operator=(sl::Timestamp)'\n"}
[6.884570] (zed_interface) StderrLine: {'line': b' 2504 |         Timestamp& operator=(Timestamp other) {\n'}
[6.884659] (zed_interface) StderrLine: {'line': b'      |                    ^~~~~~~~\n'}
[6.884740] (zed_interface) StderrLine: {'line': b"/usr/local/zed/include/sl/Camera.hpp:2504:40: note: initializing argument 1 of 'sl::Timestamp& sl::Timestamp::operator=(sl::Timestamp)'\n"}
[6.884819] (zed_interface) StderrLine: {'line': b' 2504 |         Timestamp& operator=(Timestamp other) {\n'}
[6.884893] (zed_interface) StderrLine: {'line': b'      |                              ~~~~~~~~~~^~~~~\n'}
[6.910382] (zed_interface) StderrLine: {'line': b'/usr/local/zed/include/sl/Camera.hpp: At global scope:\n'}
[6.910665] (zed_interface) StderrLine: {'line': b'/usr/local/zed/include/sl/Camera.hpp:6984:12: warning: type qualifiers ignored on function return type [-Wignored-qualifiers]\n'}
[6.910793] (zed_interface) StderrLine: {'line': b' 6984 |     inline const void /*@cond SHOWHIDDEN*/SL_SDK_EXPORT/*@endcond*/ getZEDSDKBuildVersion(int &major, int& minor, int& patch) {\n'}
[6.910898] (zed_interface) StderrLine: {'line': b'      |            ^~~~~\n'}
[6.911178] (safety_manager) StdoutLine: {'line': b'[ 12%] Building C object CMakeFiles/safety_manager__rosidl_generator_c.dir/rosidl_generator_c/safety_manager/msg/detail/e_stop_status__type_support.c.o\n'}
[6.911333] (safety_manager) StdoutLine: {'line': b'[ 12%] Building C object CMakeFiles/safety_manager__rosidl_generator_c.dir/rosidl_generator_c/safety_manager/msg/detail/vehicle_state__functions.c.o\n'}
[6.918335] (safety_manager) StdoutLine: {'line': b'[ 14%] Building C object CMakeFiles/safety_manager__rosidl_generator_c.dir/rosidl_generator_c/safety_manager/msg/detail/vehicle_state__type_support.c.o\n'}
[6.918589] (safety_manager) StdoutLine: {'line': b'[ 16%] Building C object CMakeFiles/safety_manager__rosidl_generator_c.dir/rosidl_generator_c/safety_manager/msg/detail/e_stop_status__description.c.o\n'}
[6.918707] (safety_manager) StdoutLine: {'line': b'[ 18%] Building C object CMakeFiles/safety_manager__rosidl_generator_c.dir/rosidl_generator_c/safety_manager/msg/detail/e_stop_status__functions.c.o\n'}
[6.919744] (-) TimerEvent: {}
[6.924487] (safety_manager) StdoutLine: {'line': b'[ 20%] Building C object CMakeFiles/safety_manager__rosidl_generator_c.dir/rosidl_generator_c/safety_manager/msg/detail/vehicle_state__description.c.o\n'}
[6.995867] (safety_manager) StdoutLine: {'line': b'[ 20%] Built target safety_manager__cpp\n'}
[7.019861] (-) TimerEvent: {}
[7.106619] (safety_manager) StdoutLine: {'line': b'[ 22%] Linking C shared library libsafety_manager__rosidl_generator_c.so\n'}
[7.120027] (-) TimerEvent: {}
[7.153700] (safety_manager) StdoutLine: {'line': b'[ 22%] Built target safety_manager__rosidl_generator_c\n'}
[7.168424] (safety_manager) StdoutLine: {'line': b'[ 24%] Generating C type support for eProsima Fast-RTPS\n'}
[7.169061] (safety_manager) StdoutLine: {'line': b'[ 28%] Generating C type support dispatch for ROS interfaces\n'}
[7.169189] (safety_manager) StdoutLine: {'line': b'[ 28%] Generating C++ type support for eProsima Fast-RTPS\n'}
[7.169438] (safety_manager) StdoutLine: {'line': b'[ 32%] Generating C++ type support dispatch for ROS interfaces\n'}
[7.169640] (safety_manager) StdoutLine: {'line': b'[ 32%] Generating C++ introspection for ROS interfaces\n'}
[7.174225] (safety_manager) StdoutLine: {'line': b'[ 34%] Generating C introspection for ROS interfaces\n'}
[7.220134] (-) TimerEvent: {}
[7.320318] (-) TimerEvent: {}
[7.382620] (sensor_fusion) StdoutLine: {'line': b'[ 40%] Linking CXX static library libekf_core.a\n'}
[7.420424] (-) TimerEvent: {}
[7.425427] (sensor_fusion) StdoutLine: {'line': b'[ 40%] Built target ekf_core\n'}
[7.457156] (sensor_fusion) StdoutLine: {'line': b'[ 60%] Building CXX object CMakeFiles/ekf_node.dir/src/ekf_node.cpp.o\n'}
[7.457540] (sensor_fusion) StdoutLine: {'line': b'[ 80%] Building CXX object CMakeFiles/ekf_node.dir/src/main.cpp.o\n'}
[7.522165] (-) TimerEvent: {}
[7.617052] (safety_manager) StdoutLine: {'line': b'[ 36%] Building CXX object CMakeFiles/safety_manager__rosidl_typesupport_c.dir/rosidl_typesupport_c/safety_manager/msg/e_stop_status__type_support.cpp.o\n'}
[7.621258] (safety_manager) StdoutLine: {'line': b'[ 38%] Building CXX object CMakeFiles/safety_manager__rosidl_typesupport_c.dir/rosidl_typesupport_c/safety_manager/msg/vehicle_state__type_support.cpp.o\n'}
[7.622249] (-) TimerEvent: {}
[7.658311] (safety_manager) StdoutLine: {'line': b'[ 40%] Building C object CMakeFiles/safety_manager__rosidl_typesupport_introspection_c.dir/rosidl_typesupport_introspection_c/safety_manager/msg/detail/e_stop_status__type_support.c.o\n'}
[7.660884] (safety_manager) StdoutLine: {'line': b'[ 42%] Building C object CMakeFiles/safety_manager__rosidl_typesupport_introspection_c.dir/rosidl_typesupport_introspection_c/safety_manager/msg/detail/vehicle_state__type_support.c.o\n'}
[7.666773] (safety_manager) StdoutLine: {'line': b'[ 44%] Building CXX object CMakeFiles/safety_manager__rosidl_typesupport_cpp.dir/rosidl_typesupport_cpp/safety_manager/msg/e_stop_status__type_support.cpp.o\n'}
[7.669663] (safety_manager) StdoutLine: {'line': b'[ 46%] Building CXX object CMakeFiles/safety_manager__rosidl_typesupport_cpp.dir/rosidl_typesupport_cpp/safety_manager/msg/vehicle_state__type_support.cpp.o\n'}
[7.704823] (safety_manager) StdoutLine: {'line': b'[ 48%] Building CXX object CMakeFiles/safety_manager__rosidl_typesupport_introspection_cpp.dir/rosidl_typesupport_introspection_cpp/safety_manager/msg/detail/e_stop_status__type_support.cpp.o\n'}
[7.712829] (safety_manager) StdoutLine: {'line': b'[ 51%] Building CXX object CMakeFiles/safety_manager__rosidl_typesupport_introspection_cpp.dir/rosidl_typesupport_introspection_cpp/safety_manager/msg/detail/vehicle_state__type_support.cpp.o\n'}
[7.722364] (-) TimerEvent: {}
[7.747460] (safety_manager) StdoutLine: {'line': b'[ 53%] Linking CXX shared library libsafety_manager__rosidl_typesupport_c.so\n'}
[7.772173] (safety_manager) StdoutLine: {'line': b'[ 55%] Linking C shared library libsafety_manager__rosidl_typesupport_introspection_c.so\n'}
[7.791664] (safety_manager) StdoutLine: {'line': b'[ 57%] Building CXX object CMakeFiles/safety_manager__rosidl_typesupport_fastrtps_cpp.dir/rosidl_typesupport_fastrtps_cpp/safety_manager/msg/detail/dds_fastrtps/e_stop_status__type_support.cpp.o\n'}
[7.792184] (safety_manager) StdoutLine: {'line': b'[ 59%] Building CXX object CMakeFiles/safety_manager__rosidl_typesupport_fastrtps_cpp.dir/rosidl_typesupport_fastrtps_cpp/safety_manager/msg/detail/dds_fastrtps/vehicle_state__type_support.cpp.o\n'}
[7.823544] (-) TimerEvent: {}
[7.878060] (safety_manager) StdoutLine: {'line': b'[ 59%] Built target safety_manager__rosidl_typesupport_c\n'}
[7.886311] (safety_manager) StdoutLine: {'line': b'[ 59%] Built target safety_manager__rosidl_typesupport_introspection_c\n'}
[7.898184] (safety_manager) StdoutLine: {'line': b'[ 63%] Building CXX object CMakeFiles/safety_manager__rosidl_typesupport_fastrtps_c.dir/rosidl_typesupport_fastrtps_c/safety_manager/msg/detail/vehicle_state__type_support_c.cpp.o\n'}
[7.898522] (safety_manager) StdoutLine: {'line': b'[ 63%] Building CXX object CMakeFiles/safety_manager__rosidl_typesupport_fastrtps_c.dir/rosidl_typesupport_fastrtps_c/safety_manager/msg/detail/e_stop_status__type_support_c.cpp.o\n'}
[7.923645] (-) TimerEvent: {}
[8.025188] (-) TimerEvent: {}
[8.125396] (-) TimerEvent: {}
[8.229166] (-) TimerEvent: {}
[8.318311] (safety_manager) StdoutLine: {'line': b'[ 65%] Linking CXX shared library libsafety_manager__rosidl_typesupport_cpp.so\n'}
[8.329281] (-) TimerEvent: {}
[8.372477] (safety_manager) StdoutLine: {'line': b'[ 67%] Linking CXX shared library libsafety_manager__rosidl_typesupport_introspection_cpp.so\n'}
[8.429382] (-) TimerEvent: {}
[8.468325] (safety_manager) StdoutLine: {'line': b'[ 67%] Built target safety_manager__rosidl_typesupport_cpp\n'}
[8.501946] (safety_manager) StdoutLine: {'line': b'[ 69%] Building CXX object CMakeFiles/estop_bridge_node.dir/src/estop_bridge_node.cpp.o\n'}
[8.511556] (safety_manager) StdoutLine: {'line': b'[ 71%] Building CXX object CMakeFiles/estop_bridge_node.dir/src/main.cpp.o\n'}
[8.511942] (safety_manager) StdoutLine: {'line': b'[ 73%] Building CXX object CMakeFiles/estop_bridge_node.dir/src/vehicle_state_machine.cpp.o\n'}
[8.530174] (-) TimerEvent: {}
[8.563492] (safety_manager) StdoutLine: {'line': b'[ 73%] Built target safety_manager__rosidl_typesupport_introspection_cpp\n'}
[8.630281] (-) TimerEvent: {}
[8.730482] (-) TimerEvent: {}
[8.826190] (safety_manager) StdoutLine: {'line': b'[ 75%] Linking CXX shared library libsafety_manager__rosidl_typesupport_fastrtps_cpp.so\n'}
[8.830673] (-) TimerEvent: {}
[8.908018] (safety_manager) StdoutLine: {'line': b'[ 77%] Linking CXX shared library libsafety_manager__rosidl_typesupport_fastrtps_c.so\n'}
[8.931882] (-) TimerEvent: {}
[8.958185] (safety_manager) StdoutLine: {'line': b'[ 77%] Built target safety_manager__rosidl_typesupport_fastrtps_cpp\n'}
[9.031981] (-) TimerEvent: {}
[9.034442] (safety_manager) StdoutLine: {'line': b'[ 77%] Built target safety_manager__rosidl_typesupport_fastrtps_c\n'}
[9.056857] (safety_manager) StdoutLine: {'line': b'[ 77%] Built target safety_manager\n'}
[9.086671] (safety_manager) StdoutLine: {'line': b'[ 79%] Generating Python code for ROS interfaces\n'}
[9.132091] (-) TimerEvent: {}
[9.232284] (-) TimerEvent: {}
[9.332491] (-) TimerEvent: {}
[9.432690] (-) TimerEvent: {}
[9.532888] (-) TimerEvent: {}
[9.602845] (safety_manager) StdoutLine: {'line': b'[ 79%] Built target safety_manager__py\n'}
[9.631893] (safety_manager) StdoutLine: {'line': b'[ 81%] Building C object CMakeFiles/safety_manager__rosidl_generator_py.dir/rosidl_generator_py/safety_manager/msg/_e_stop_status_s.c.o\n'}
[9.632992] (-) TimerEvent: {}
[9.633673] (safety_manager) StdoutLine: {'line': b'[ 83%] Building C object CMakeFiles/safety_manager__rosidl_generator_py.dir/rosidl_generator_py/safety_manager/msg/_vehicle_state_s.c.o\n'}
[9.733123] (-) TimerEvent: {}
[9.833337] (-) TimerEvent: {}
[9.933559] (-) TimerEvent: {}
[9.935270] (safety_manager) StdoutLine: {'line': b'[ 85%] Linking C shared library libsafety_manager__rosidl_generator_py.so\n'}
[9.994435] (safety_manager) StdoutLine: {'line': b'[ 85%] Built target safety_manager__rosidl_generator_py\n'}
[10.020959] (safety_manager) StdoutLine: {'line': b'[ 87%] Building C object CMakeFiles/safety_manager_s__rosidl_typesupport_introspection_c.dir/rosidl_generator_py/safety_manager/_safety_manager_s.ep.rosidl_typesupport_introspection_c.c.o\n'}
[10.021667] (safety_manager) StdoutLine: {'line': b'[ 89%] Building C object CMakeFiles/safety_manager_s__rosidl_typesupport_fastrtps_c.dir/rosidl_generator_py/safety_manager/_safety_manager_s.ep.rosidl_typesupport_fastrtps_c.c.o\n'}
[10.028184] (safety_manager) StdoutLine: {'line': b'[ 91%] Building C object CMakeFiles/safety_manager_s__rosidl_typesupport_c.dir/rosidl_generator_py/safety_manager/_safety_manager_s.ep.rosidl_typesupport_c.c.o\n'}
[10.036185] (-) TimerEvent: {}
[10.136412] (-) TimerEvent: {}
[10.236647] (-) TimerEvent: {}
[10.264008] (safety_manager) StdoutLine: {'line': b'[ 93%] Linking C shared module rosidl_generator_py/safety_manager/safety_manager_s__rosidl_typesupport_fastrtps_c.so\n'}
[10.271090] (safety_manager) StdoutLine: {'line': b'[ 95%] Linking C shared module rosidl_generator_py/safety_manager/safety_manager_s__rosidl_typesupport_introspection_c.so\n'}
[10.280271] (safety_manager) StdoutLine: {'line': b'[ 97%] Linking C shared module rosidl_generator_py/safety_manager/safety_manager_s__rosidl_typesupport_c.so\n'}
[10.317349] (safety_manager) StdoutLine: {'line': b'[ 97%] Built target safety_manager_s__rosidl_typesupport_fastrtps_c\n'}
[10.331239] (safety_manager) StdoutLine: {'line': b'[ 97%] Built target safety_manager_s__rosidl_typesupport_introspection_c\n'}
[10.336762] (-) TimerEvent: {}
[10.347831] (safety_manager) StdoutLine: {'line': b'[ 97%] Built target safety_manager_s__rosidl_typesupport_c\n'}
[10.436870] (-) TimerEvent: {}
[10.537072] (-) TimerEvent: {}
[10.637292] (-) TimerEvent: {}
[10.737502] (-) TimerEvent: {}
[10.837713] (-) TimerEvent: {}
[10.937917] (-) TimerEvent: {}
[11.038149] (-) TimerEvent: {}
[11.138355] (-) TimerEvent: {}
[11.238548] (-) TimerEvent: {}
[11.338745] (-) TimerEvent: {}
[11.438946] (-) TimerEvent: {}
[11.539147] (-) TimerEvent: {}
[11.639343] (-) TimerEvent: {}
[11.739536] (-) TimerEvent: {}
[11.839688] (-) TimerEvent: {}
[11.939897] (-) TimerEvent: {}
[12.001562] (encoder_interface) StdoutLine: {'line': b'[100%] Linking CXX executable encoder_node\n'}
[12.040005] (-) TimerEvent: {}
[12.140172] (-) TimerEvent: {}
[12.235031] (encoder_interface) StdoutLine: {'line': b'[100%] Built target encoder_node\n'}
[12.240278] (-) TimerEvent: {}
[12.248926] (encoder_interface) CommandEnded: {'returncode': 0}
[12.250561] (encoder_interface) JobProgress: {'identifier': 'encoder_interface', 'progress': 'install'}
[12.262260] (encoder_interface) Command: {'cmd': ['/home/u_ramesa2/micromamba/envs/ros_env_jazzy/bin/cmake', '--install', '/mnt/external/DIY/CameraModule/autonomous_rc/build/encoder_interface'], 'cwd': '/mnt/external/DIY/CameraModule/autonomous_rc/build/encoder_interface', 'env': OrderedDict({'CONDA_PROMPT_MODIFIER': '(ros_env_jazzy)', 'ROS_ETC_DIR': '/home/u_ramesa2/micromamba/envs/ros_env_jazzy/etc/ros', 'SHLVL': '0', 'HOME': '/home/u_ramesa2', 'CONDA_SHLVL': '1', 'OLDPWD': '/mnt/external/DIY/CameraModule/autonomous_rc', 'ROS_PYTHON_VERSION': '3', 'GTK_MODULES': 'appmenu-gtk-module', 'LC_CTYPE': 'C.UTF-8', 'UBUNTU_MENUPROXY': '1', 'ROS_DISTRO': 'jazzy', '_': '/home/u_ramesa2/micromamba/envs/ros_env_jazzy/bin/colcon', 'ROS_VERSION': '2', 'ROS_OS_OVERRIDE': 'conda:linux', 'PATH': '/usr/local/cuda/bin:/home/u_ramesa2/micromamba/envs/ros_env_jazzy/bin:/home/u_ramesa2/micromamba/condabin:/home/u_ramesa2/.local/bin:/usr/local/sbin:/usr/local/bin:/usr/sbin:/usr/bin:/sbin:/bin:/snap/bin:/opt/puppetlabs/bin', 'MAMBA_ROOT_PREFIX': '/home/u_ramesa2/micromamba', 'XML_CATALOG_FILES': 'file:///home/u_ramesa2/micromamba/envs/ros_env_jazzy/etc/xml/catalog file:///etc/xml/catalog', 'GSETTINGS_SCHEMA_DIR': '/home/u_ramesa2/micromamba/envs/ros_env_jazzy/share/glib-2.0/schemas', 'AMENT_PREFIX_PATH': '/home/u_ramesa2/micromamba/envs/ros_env_jazzy', 'CONDA_DEFAULT_ENV': 'ros_env_jazzy', 'ROS_AUTOMATIC_DISCOVERY_RANGE': 'SUBNET', 'PWD': '/mnt/external/DIY/CameraModule/autonomous_rc/build/encoder_interface', 'XDG_DATA_DIRS': '/usr/share/gnome:/home/u_ramesa2/.local/share/flatpak/exports/share:/var/lib/flatpak/exports/share:/usr/local/share:/usr/share:/var/lib/snapd/desktop', 'PYTHONPATH': '/home/u_ramesa2/micromamba/envs/ros_env_jazzy/lib/python/site-packages:/home/u_ramesa2/micromamba/envs/ros_env_jazzy/lib/python3.12/site-packages', 'CONDA_PREFIX': '/home/u_ramesa2/micromamba/envs/ros_env_jazzy', 'GSETTINGS_SCHEMA_DIR_CONDA_BACKUP': '', 'COLCON': '1', 'MANPATH': ':/opt/puppetlabs/puppet/share/man', 'CMAKE_PREFIX_PATH': '/home/u_ramesa2/micromamba/envs/ros_env_jazzy'}), 'shell': False}
[12.274465] (encoder_interface) StdoutLine: {'line': b'-- Install configuration: "Release"\n'}
[12.276237] (encoder_interface) StdoutLine: {'line': b'-- Execute custom install script\n'}
[12.276502] (encoder_interface) StdoutLine: {'line': b'-- Symlinking: /mnt/external/DIY/CameraModule/autonomous_rc/install/encoder_interface/lib/encoder_interface/encoder_node\n'}
[12.288377] (encoder_interface) StdoutLine: {'line': b'-- Symlinking: /mnt/external/DIY/CameraModule/autonomous_rc/install/encoder_interface/share/encoder_interface/launch/encoder_interface.launch.py\n'}
[12.299586] (encoder_interface) StdoutLine: {'line': b'-- Symlinking: /mnt/external/DIY/CameraModule/autonomous_rc/install/encoder_interface/share/ament_index/resource_index/package_run_dependencies/encoder_interface\n'}
[12.310667] (encoder_interface) StdoutLine: {'line': b'-- Symlinking: /mnt/external/DIY/CameraModule/autonomous_rc/install/encoder_interface/share/ament_index/resource_index/parent_prefix_path/encoder_interface\n'}
[12.323781] (encoder_interface) StdoutLine: {'line': b'-- Symlinking: /mnt/external/DIY/CameraModule/autonomous_rc/install/encoder_interface/share/encoder_interface/environment/ament_prefix_path.sh\n'}
[12.335022] (encoder_interface) StdoutLine: {'line': b'-- Symlinking: /mnt/external/DIY/CameraModule/autonomous_rc/install/encoder_interface/share/encoder_interface/environment/ament_prefix_path.dsv\n'}
[12.340381] (-) TimerEvent: {}
[12.348016] (encoder_interface) StdoutLine: {'line': b'-- Symlinking: /mnt/external/DIY/CameraModule/autonomous_rc/install/encoder_interface/share/encoder_interface/environment/path.sh\n'}
[12.359964] (encoder_interface) StdoutLine: {'line': b'-- Symlinking: /mnt/external/DIY/CameraModule/autonomous_rc/install/encoder_interface/share/encoder_interface/environment/path.dsv\n'}
[12.370803] (encoder_interface) StdoutLine: {'line': b'-- Symlinking: /mnt/external/DIY/CameraModule/autonomous_rc/install/encoder_interface/share/encoder_interface/local_setup.bash\n'}
[12.380081] (encoder_interface) StdoutLine: {'line': b'-- Symlinking: /mnt/external/DIY/CameraModule/autonomous_rc/install/encoder_interface/share/encoder_interface/local_setup.sh\n'}
[12.393062] (encoder_interface) StdoutLine: {'line': b'-- Symlinking: /mnt/external/DIY/CameraModule/autonomous_rc/install/encoder_interface/share/encoder_interface/local_setup.zsh\n'}
[12.405744] (encoder_interface) StdoutLine: {'line': b'-- Symlinking: /mnt/external/DIY/CameraModule/autonomous_rc/install/encoder_interface/share/encoder_interface/local_setup.dsv\n'}
[12.418053] (encoder_interface) StdoutLine: {'line': b'-- Symlinking: /mnt/external/DIY/CameraModule/autonomous_rc/install/encoder_interface/share/encoder_interface/package.dsv\n'}
[12.429285] (encoder_interface) StdoutLine: {'line': b'-- Symlinking: /mnt/external/DIY/CameraModule/autonomous_rc/install/encoder_interface/share/ament_index/resource_index/packages/encoder_interface\n'}
[12.440617] (encoder_interface) StdoutLine: {'line': b'-- Symlinking: /mnt/external/DIY/CameraModule/autonomous_rc/install/encoder_interface/share/encoder_interface/cmake/encoder_interfaceConfig.cmake\n'}
[12.440908] (-) TimerEvent: {}
[12.451429] (encoder_interface) StdoutLine: {'line': b'-- Symlinking: /mnt/external/DIY/CameraModule/autonomous_rc/install/encoder_interface/share/encoder_interface/cmake/encoder_interfaceConfig-version.cmake\n'}
[12.463585] (encoder_interface) StdoutLine: {'line': b'-- Symlinking: /mnt/external/DIY/CameraModule/autonomous_rc/install/encoder_interface/share/encoder_interface/package.xml\n'}
[12.477249] (encoder_interface) CommandEnded: {'returncode': 0}
[12.504038] (encoder_interface) JobEnded: {'identifier': 'encoder_interface', 'rc': 0}
[12.541033] (-) TimerEvent: {}
[12.641183] (-) TimerEvent: {}
[12.741386] (-) TimerEvent: {}
[12.841589] (-) TimerEvent: {}
[12.941788] (-) TimerEvent: {}
[13.041997] (-) TimerEvent: {}
[13.142152] (-) TimerEvent: {}
[13.242331] (-) TimerEvent: {}
[13.342540] (-) TimerEvent: {}
[13.442757] (-) TimerEvent: {}
[13.542967] (-) TimerEvent: {}
[13.643166] (-) TimerEvent: {}
[13.743362] (-) TimerEvent: {}
[13.843562] (-) TimerEvent: {}
[13.943744] (-) TimerEvent: {}
[14.043933] (-) TimerEvent: {}
[14.144127] (-) TimerEvent: {}
[14.244321] (-) TimerEvent: {}
[14.344505] (-) TimerEvent: {}
[14.444715] (-) TimerEvent: {}
[14.544923] (-) TimerEvent: {}
[14.645129] (-) TimerEvent: {}
[14.745319] (-) TimerEvent: {}
[14.845515] (-) TimerEvent: {}
[14.945707] (-) TimerEvent: {}
[15.045900] (-) TimerEvent: {}
[15.146083] (-) TimerEvent: {}
[15.246272] (-) TimerEvent: {}
[15.346457] (-) TimerEvent: {}
[15.446647] (-) TimerEvent: {}
[15.546847] (-) TimerEvent: {}
[15.647034] (-) TimerEvent: {}
[15.747238] (-) TimerEvent: {}
[15.847434] (-) TimerEvent: {}
[15.947621] (-) TimerEvent: {}
[16.047817] (-) TimerEvent: {}
[16.148014] (-) TimerEvent: {}
[16.248169] (-) TimerEvent: {}
[16.348352] (-) TimerEvent: {}
[16.448552] (-) TimerEvent: {}
[16.548816] (-) TimerEvent: {}
[16.649009] (-) TimerEvent: {}
[16.749176] (-) TimerEvent: {}
[16.849379] (-) TimerEvent: {}
[16.949580] (-) TimerEvent: {}
[17.049771] (-) TimerEvent: {}
[17.149953] (-) TimerEvent: {}
[17.250135] (-) TimerEvent: {}
[17.350341] (-) TimerEvent: {}
[17.450567] (-) TimerEvent: {}
[17.550812] (-) TimerEvent: {}
[17.604475] (lidar_interface) StdoutLine: {'line': b'[100%] Linking CXX executable scan_filter_node\n'}
[17.650939] (-) TimerEvent: {}
[17.751154] (-) TimerEvent: {}
[17.771509] (lidar_interface) StdoutLine: {'line': b'[100%] Built target scan_filter_node\n'}
[17.809980] (lidar_interface) CommandEnded: {'returncode': 0}
[17.811035] (lidar_interface) JobProgress: {'identifier': 'lidar_interface', 'progress': 'install'}
[17.811248] (lidar_interface) Command: {'cmd': ['/home/u_ramesa2/micromamba/envs/ros_env_jazzy/bin/cmake', '--install', '/mnt/external/DIY/CameraModule/autonomous_rc/build/lidar_interface'], 'cwd': '/mnt/external/DIY/CameraModule/autonomous_rc/build/lidar_interface', 'env': OrderedDict({'CONDA_PROMPT_MODIFIER': '(ros_env_jazzy)', 'ROS_ETC_DIR': '/home/u_ramesa2/micromamba/envs/ros_env_jazzy/etc/ros', 'SHLVL': '0', 'HOME': '/home/u_ramesa2', 'CONDA_SHLVL': '1', 'OLDPWD': '/mnt/external/DIY/CameraModule/autonomous_rc', 'ROS_PYTHON_VERSION': '3', 'GTK_MODULES': 'appmenu-gtk-module', 'LC_CTYPE': 'C.UTF-8', 'UBUNTU_MENUPROXY': '1', 'ROS_DISTRO': 'jazzy', '_': '/home/u_ramesa2/micromamba/envs/ros_env_jazzy/bin/colcon', 'ROS_VERSION': '2', 'ROS_OS_OVERRIDE': 'conda:linux', 'PATH': '/usr/local/cuda/bin:/home/u_ramesa2/micromamba/envs/ros_env_jazzy/bin:/home/u_ramesa2/micromamba/condabin:/home/u_ramesa2/.local/bin:/usr/local/sbin:/usr/local/bin:/usr/sbin:/usr/bin:/sbin:/bin:/snap/bin:/opt/puppetlabs/bin', 'MAMBA_ROOT_PREFIX': '/home/u_ramesa2/micromamba', 'XML_CATALOG_FILES': 'file:///home/u_ramesa2/micromamba/envs/ros_env_jazzy/etc/xml/catalog file:///etc/xml/catalog', 'GSETTINGS_SCHEMA_DIR': '/home/u_ramesa2/micromamba/envs/ros_env_jazzy/share/glib-2.0/schemas', 'AMENT_PREFIX_PATH': '/home/u_ramesa2/micromamba/envs/ros_env_jazzy', 'CONDA_DEFAULT_ENV': 'ros_env_jazzy', 'ROS_AUTOMATIC_DISCOVERY_RANGE': 'SUBNET', 'PWD': '/mnt/external/DIY/CameraModule/autonomous_rc/build/lidar_interface', 'XDG_DATA_DIRS': '/usr/share/gnome:/home/u_ramesa2/.local/share/flatpak/exports/share:/var/lib/flatpak/exports/share:/usr/local/share:/usr/share:/var/lib/snapd/desktop', 'PYTHONPATH': '/home/u_ramesa2/micromamba/envs/ros_env_jazzy/lib/python/site-packages:/home/u_ramesa2/micromamba/envs/ros_env_jazzy/lib/python3.12/site-packages', 'CONDA_PREFIX': '/home/u_ramesa2/micromamba/envs/ros_env_jazzy', 'GSETTINGS_SCHEMA_DIR_CONDA_BACKUP': '', 'COLCON': '1', 'MANPATH': ':/opt/puppetlabs/puppet/share/man', 'CMAKE_PREFIX_PATH': '/home/u_ramesa2/micromamba/envs/ros_env_jazzy'}), 'shell': False}
[17.819543] (lidar_interface) StdoutLine: {'line': b'-- Install configuration: "Release"\n'}
[17.820113] (lidar_interface) StdoutLine: {'line': b'-- Execute custom install script\n'}
[17.820684] (lidar_interface) StdoutLine: {'line': b'-- Symlinking: /mnt/external/DIY/CameraModule/autonomous_rc/install/lidar_interface/lib/lidar_interface/scan_filter_node\n'}
[17.830597] (lidar_interface) StdoutLine: {'line': b'-- Symlinking: /mnt/external/DIY/CameraModule/autonomous_rc/install/lidar_interface/share/lidar_interface/launch/lidar_interface.launch.py\n'}
[17.840872] (lidar_interface) StdoutLine: {'line': b'-- Symlinking: /mnt/external/DIY/CameraModule/autonomous_rc/install/lidar_interface/share/lidar_interface/config/rplidar.yaml\n'}
[17.849610] (lidar_interface) StdoutLine: {'line': b'-- Symlinking: /mnt/external/DIY/CameraModule/autonomous_rc/install/lidar_interface/share/ament_index/resource_index/package_run_dependencies/lidar_interface\n'}
[17.851219] (-) TimerEvent: {}
[17.861255] (lidar_interface) StdoutLine: {'line': b'-- Symlinking: /mnt/external/DIY/CameraModule/autonomous_rc/install/lidar_interface/share/ament_index/resource_index/parent_prefix_path/lidar_interface\n'}
[17.870519] (lidar_interface) StdoutLine: {'line': b'-- Symlinking: /mnt/external/DIY/CameraModule/autonomous_rc/install/lidar_interface/share/lidar_interface/environment/ament_prefix_path.sh\n'}
[17.880649] (lidar_interface) StdoutLine: {'line': b'-- Symlinking: /mnt/external/DIY/CameraModule/autonomous_rc/install/lidar_interface/share/lidar_interface/environment/ament_prefix_path.dsv\n'}
[17.889822] (lidar_interface) StdoutLine: {'line': b'-- Symlinking: /mnt/external/DIY/CameraModule/autonomous_rc/install/lidar_interface/share/lidar_interface/environment/path.sh\n'}
[17.900261] (lidar_interface) StdoutLine: {'line': b'-- Symlinking: /mnt/external/DIY/CameraModule/autonomous_rc/install/lidar_interface/share/lidar_interface/environment/path.dsv\n'}
[17.908977] (lidar_interface) StdoutLine: {'line': b'-- Symlinking: /mnt/external/DIY/CameraModule/autonomous_rc/install/lidar_interface/share/lidar_interface/local_setup.bash\n'}
[17.919191] (lidar_interface) StdoutLine: {'line': b'-- Symlinking: /mnt/external/DIY/CameraModule/autonomous_rc/install/lidar_interface/share/lidar_interface/local_setup.sh\n'}
[17.930072] (lidar_interface) StdoutLine: {'line': b'-- Symlinking: /mnt/external/DIY/CameraModule/autonomous_rc/install/lidar_interface/share/lidar_interface/local_setup.zsh\n'}
[17.938900] (lidar_interface) StdoutLine: {'line': b'-- Symlinking: /mnt/external/DIY/CameraModule/autonomous_rc/install/lidar_interface/share/lidar_interface/local_setup.dsv\n'}
[17.948257] (lidar_interface) StdoutLine: {'line': b'-- Symlinking: /mnt/external/DIY/CameraModule/autonomous_rc/install/lidar_interface/share/lidar_interface/package.dsv\n'}
[17.951311] (-) TimerEvent: {}
[17.956495] (lidar_interface) StdoutLine: {'line': b'-- Symlinking: /mnt/external/DIY/CameraModule/autonomous_rc/install/lidar_interface/share/ament_index/resource_index/packages/lidar_interface\n'}
[17.964333] (lidar_interface) StdoutLine: {'line': b'-- Symlinking: /mnt/external/DIY/CameraModule/autonomous_rc/install/lidar_interface/share/lidar_interface/cmake/lidar_interfaceConfig.cmake\n'}
[17.972267] (lidar_interface) StdoutLine: {'line': b'-- Symlinking: /mnt/external/DIY/CameraModule/autonomous_rc/install/lidar_interface/share/lidar_interface/cmake/lidar_interfaceConfig-version.cmake\n'}
[17.982251] (lidar_interface) StdoutLine: {'line': b'-- Symlinking: /mnt/external/DIY/CameraModule/autonomous_rc/install/lidar_interface/share/lidar_interface/package.xml\n'}
[17.993031] (lidar_interface) CommandEnded: {'returncode': 0}
[18.014258] (lidar_interface) JobEnded: {'identifier': 'lidar_interface', 'rc': 0}
[18.051428] (-) TimerEvent: {}
[18.151609] (-) TimerEvent: {}
[18.251799] (-) TimerEvent: {}
[18.351998] (-) TimerEvent: {}
[18.452166] (-) TimerEvent: {}
[18.552351] (-) TimerEvent: {}
[18.652544] (-) TimerEvent: {}
[18.752745] (-) TimerEvent: {}
[18.852935] (-) TimerEvent: {}
[18.953132] (-) TimerEvent: {}
[19.053320] (-) TimerEvent: {}
[19.153519] (-) TimerEvent: {}
[19.253729] (-) TimerEvent: {}
[19.353923] (-) TimerEvent: {}
[19.454142] (-) TimerEvent: {}
[19.554352] (-) TimerEvent: {}
[19.654578] (-) TimerEvent: {}
[19.754789] (-) TimerEvent: {}
[19.854997] (-) TimerEvent: {}
[19.955206] (-) TimerEvent: {}
[20.055443] (-) TimerEvent: {}
[20.155675] (-) TimerEvent: {}
[20.255879] (-) TimerEvent: {}
[20.356117] (-) TimerEvent: {}
[20.456318] (-) TimerEvent: {}
[20.556556] (-) TimerEvent: {}
[20.657100] (-) TimerEvent: {}
[20.757284] (-) TimerEvent: {}
[20.857492] (-) TimerEvent: {}
[20.957717] (-) TimerEvent: {}
[21.057945] (-) TimerEvent: {}
[21.158156] (-) TimerEvent: {}
[21.258364] (-) TimerEvent: {}
[21.358593] (-) TimerEvent: {}
[21.458804] (-) TimerEvent: {}
[21.559038] (-) TimerEvent: {}
[21.659261] (-) TimerEvent: {}
[21.759478] (-) TimerEvent: {}
[21.861099] (-) TimerEvent: {}
[21.961334] (-) TimerEvent: {}
[22.054193] (zed_interface) StdoutLine: {'line': b'[100%] Linking CXX executable zed_interface_node\n'}
[22.061431] (-) TimerEvent: {}
[22.161628] (-) TimerEvent: {}
[22.261854] (-) TimerEvent: {}
[22.336994] (zed_interface) StdoutLine: {'line': b'[100%] Built target zed_interface_node\n'}
[22.348461] (zed_interface) CommandEnded: {'returncode': 0}
[22.350015] (zed_interface) JobProgress: {'identifier': 'zed_interface', 'progress': 'install'}
[22.350351] (zed_interface) Command: {'cmd': ['/home/u_ramesa2/micromamba/envs/ros_env_jazzy/bin/cmake', '--install', '/mnt/external/DIY/CameraModule/autonomous_rc/build/zed_interface'], 'cwd': '/mnt/external/DIY/CameraModule/autonomous_rc/build/zed_interface', 'env': OrderedDict({'CONDA_PROMPT_MODIFIER': '(ros_env_jazzy)', 'ROS_ETC_DIR': '/home/u_ramesa2/micromamba/envs/ros_env_jazzy/etc/ros', 'SHLVL': '0', 'HOME': '/home/u_ramesa2', 'CONDA_SHLVL': '1', 'OLDPWD': '/mnt/external/DIY/CameraModule/autonomous_rc', 'ROS_PYTHON_VERSION': '3', 'GTK_MODULES': 'appmenu-gtk-module', 'LC_CTYPE': 'C.UTF-8', 'UBUNTU_MENUPROXY': '1', 'ROS_DISTRO': 'jazzy', '_': '/home/u_ramesa2/micromamba/envs/ros_env_jazzy/bin/colcon', 'ROS_VERSION': '2', 'ROS_OS_OVERRIDE': 'conda:linux', 'PATH': '/usr/local/cuda/bin:/home/u_ramesa2/micromamba/envs/ros_env_jazzy/bin:/home/u_ramesa2/micromamba/condabin:/home/u_ramesa2/.local/bin:/usr/local/sbin:/usr/local/bin:/usr/sbin:/usr/bin:/sbin:/bin:/snap/bin:/opt/puppetlabs/bin', 'MAMBA_ROOT_PREFIX': '/home/u_ramesa2/micromamba', 'XML_CATALOG_FILES': 'file:///home/u_ramesa2/micromamba/envs/ros_env_jazzy/etc/xml/catalog file:///etc/xml/catalog', 'GSETTINGS_SCHEMA_DIR': '/home/u_ramesa2/micromamba/envs/ros_env_jazzy/share/glib-2.0/schemas', 'AMENT_PREFIX_PATH': '/home/u_ramesa2/micromamba/envs/ros_env_jazzy', 'CONDA_DEFAULT_ENV': 'ros_env_jazzy', 'ROS_AUTOMATIC_DISCOVERY_RANGE': 'SUBNET', 'PWD': '/mnt/external/DIY/CameraModule/autonomous_rc/build/zed_interface', 'XDG_DATA_DIRS': '/usr/share/gnome:/home/u_ramesa2/.local/share/flatpak/exports/share:/var/lib/flatpak/exports/share:/usr/local/share:/usr/share:/var/lib/snapd/desktop', 'PYTHONPATH': '/home/u_ramesa2/micromamba/envs/ros_env_jazzy/lib/python/site-packages:/home/u_ramesa2/micromamba/envs/ros_env_jazzy/lib/python3.12/site-packages', 'CONDA_PREFIX': '/home/u_ramesa2/micromamba/envs/ros_env_jazzy', 'GSETTINGS_SCHEMA_DIR_CONDA_BACKUP': '', 'COLCON': '1', 'MANPATH': ':/opt/puppetlabs/puppet/share/man', 'CMAKE_PREFIX_PATH': '/home/u_ramesa2/micromamba/envs/ros_env_jazzy'}), 'shell': False}
[22.359073] (zed_interface) StdoutLine: {'line': b'-- Install configuration: "Release"\n'}
[22.359643] (zed_interface) StdoutLine: {'line': b'-- Execute custom install script\n'}
[22.360183] (zed_interface) StdoutLine: {'line': b'-- Symlinking: /mnt/external/DIY/CameraModule/autonomous_rc/install/zed_interface/lib/zed_interface/zed_interface_node\n'}
[22.361928] (-) TimerEvent: {}
[22.368957] (zed_interface) StdoutLine: {'line': b'-- Symlinking: /mnt/external/DIY/CameraModule/autonomous_rc/install/zed_interface/share/zed_interface/launch/zed_interface.launch.py\n'}
[22.377999] (zed_interface) StdoutLine: {'line': b'-- Symlinking: /mnt/external/DIY/CameraModule/autonomous_rc/install/zed_interface/share/zed_interface/config/obstacle_mode.yaml\n'}
[22.386879] (zed_interface) StdoutLine: {'line': b'-- Symlinking: /mnt/external/DIY/CameraModule/autonomous_rc/install/zed_interface/share/zed_interface/config/speed_mode.yaml\n'}
[22.395958] (zed_interface) StdoutLine: {'line': b'-- Symlinking: /mnt/external/DIY/CameraModule/autonomous_rc/install/zed_interface/share/ament_index/resource_index/package_run_dependencies/zed_interface\n'}
[22.405390] (zed_interface) StdoutLine: {'line': b'-- Symlinking: /mnt/external/DIY/CameraModule/autonomous_rc/install/zed_interface/share/ament_index/resource_index/parent_prefix_path/zed_interface\n'}
[22.415291] (zed_interface) StdoutLine: {'line': b'-- Symlinking: /mnt/external/DIY/CameraModule/autonomous_rc/install/zed_interface/share/zed_interface/environment/ament_prefix_path.sh\n'}
[22.423209] (zed_interface) StdoutLine: {'line': b'-- Symlinking: /mnt/external/DIY/CameraModule/autonomous_rc/install/zed_interface/share/zed_interface/environment/ament_prefix_path.dsv\n'}
[22.430809] (zed_interface) StdoutLine: {'line': b'-- Symlinking: /mnt/external/DIY/CameraModule/autonomous_rc/install/zed_interface/share/zed_interface/environment/path.sh\n'}
[22.440332] (zed_interface) StdoutLine: {'line': b'-- Symlinking: /mnt/external/DIY/CameraModule/autonomous_rc/install/zed_interface/share/zed_interface/environment/path.dsv\n'}
[22.450179] (zed_interface) StdoutLine: {'line': b'-- Symlinking: /mnt/external/DIY/CameraModule/autonomous_rc/install/zed_interface/share/zed_interface/local_setup.bash\n'}
[22.459166] (zed_interface) StdoutLine: {'line': b'-- Symlinking: /mnt/external/DIY/CameraModule/autonomous_rc/install/zed_interface/share/zed_interface/local_setup.sh\n'}
[22.462040] (-) TimerEvent: {}
[22.467785] (zed_interface) StdoutLine: {'line': b'-- Symlinking: /mnt/external/DIY/CameraModule/autonomous_rc/install/zed_interface/share/zed_interface/local_setup.zsh\n'}
[22.477529] (zed_interface) StdoutLine: {'line': b'-- Symlinking: /mnt/external/DIY/CameraModule/autonomous_rc/install/zed_interface/share/zed_interface/local_setup.dsv\n'}
[22.486479] (zed_interface) StdoutLine: {'line': b'-- Symlinking: /mnt/external/DIY/CameraModule/autonomous_rc/install/zed_interface/share/zed_interface/package.dsv\n'}
[22.495947] (zed_interface) StdoutLine: {'line': b'-- Symlinking: /mnt/external/DIY/CameraModule/autonomous_rc/install/zed_interface/share/ament_index/resource_index/packages/zed_interface\n'}
[22.505605] (zed_interface) StdoutLine: {'line': b'-- Symlinking: /mnt/external/DIY/CameraModule/autonomous_rc/install/zed_interface/share/zed_interface/cmake/zed_interfaceConfig.cmake\n'}
[22.515432] (zed_interface) StdoutLine: {'line': b'-- Symlinking: /mnt/external/DIY/CameraModule/autonomous_rc/install/zed_interface/share/zed_interface/cmake/zed_interfaceConfig-version.cmake\n'}
[22.525476] (zed_interface) StdoutLine: {'line': b'-- Symlinking: /mnt/external/DIY/CameraModule/autonomous_rc/install/zed_interface/share/zed_interface/package.xml\n'}
[22.536994] (zed_interface) CommandEnded: {'returncode': 0}
[22.557374] (zed_interface) JobEnded: {'identifier': 'zed_interface', 'rc': 0}
[22.562140] (-) TimerEvent: {}
[22.662332] (-) TimerEvent: {}
[22.762567] (-) TimerEvent: {}
[22.862769] (-) TimerEvent: {}
[22.962998] (-) TimerEvent: {}
[23.063203] (-) TimerEvent: {}
[23.163402] (-) TimerEvent: {}
[23.263602] (-) TimerEvent: {}
[23.363805] (-) TimerEvent: {}
[23.464030] (-) TimerEvent: {}
[23.564240] (-) TimerEvent: {}
[23.664461] (-) TimerEvent: {}
[23.764716] (-) TimerEvent: {}
[23.864926] (-) TimerEvent: {}
[23.965193] (-) TimerEvent: {}
[24.065420] (-) TimerEvent: {}
[24.165668] (-) TimerEvent: {}
[24.265892] (-) TimerEvent: {}
[24.366140] (-) TimerEvent: {}
[24.466337] (-) TimerEvent: {}
[24.566572] (-) TimerEvent: {}
[24.666795] (-) TimerEvent: {}
[24.767014] (-) TimerEvent: {}
[24.867189] (-) TimerEvent: {}
[24.967409] (-) TimerEvent: {}
[25.067611] (-) TimerEvent: {}
[25.167836] (-) TimerEvent: {}
[25.268036] (-) TimerEvent: {}
[25.368224] (-) TimerEvent: {}
[25.468428] (-) TimerEvent: {}
[25.568670] (-) TimerEvent: {}
[25.668891] (-) TimerEvent: {}
[25.769126] (-) TimerEvent: {}
[25.869327] (-) TimerEvent: {}
[25.969560] (-) TimerEvent: {}
[26.069789] (-) TimerEvent: {}
[26.169988] (-) TimerEvent: {}
[26.270180] (-) TimerEvent: {}
[26.370403] (-) TimerEvent: {}
[26.470609] (-) TimerEvent: {}
[26.570813] (-) TimerEvent: {}
[26.671022] (-) TimerEvent: {}
[26.771336] (-) TimerEvent: {}
[26.871514] (-) TimerEvent: {}
[26.971688] (-) TimerEvent: {}
[27.071862] (-) TimerEvent: {}
[27.172046] (-) TimerEvent: {}
[27.272258] (-) TimerEvent: {}
[27.372477] (-) TimerEvent: {}
[27.448853] (lane_detection) StdoutLine: {'line': b'[100%] Linking CXX executable lane_detection_node\n'}
[27.472581] (-) TimerEvent: {}
[27.572821] (-) TimerEvent: {}
[27.673066] (-) TimerEvent: {}
[27.773275] (-) TimerEvent: {}
[27.873646] (-) TimerEvent: {}
[27.973843] (-) TimerEvent: {}
[28.074117] (-) TimerEvent: {}
[28.111217] (safety_manager) StdoutLine: {'line': b'[100%] Linking CXX executable estop_bridge_node\n'}
[28.140716] (lane_detection) StdoutLine: {'line': b'[100%] Built target lane_detection_node\n'}
[28.174171] (-) TimerEvent: {}
[28.178534] (lane_detection) CommandEnded: {'returncode': 0}
[28.179854] (lane_detection) JobProgress: {'identifier': 'lane_detection', 'progress': 'install'}
[28.180158] (lane_detection) Command: {'cmd': ['/home/u_ramesa2/micromamba/envs/ros_env_jazzy/bin/cmake', '--install', '/mnt/external/DIY/CameraModule/autonomous_rc/build/lane_detection'], 'cwd': '/mnt/external/DIY/CameraModule/autonomous_rc/build/lane_detection', 'env': OrderedDict({'CONDA_PROMPT_MODIFIER': '(ros_env_jazzy)', 'ROS_ETC_DIR': '/home/u_ramesa2/micromamba/envs/ros_env_jazzy/etc/ros', 'SHLVL': '0', 'HOME': '/home/u_ramesa2', 'CONDA_SHLVL': '1', 'OLDPWD': '/mnt/external/DIY/CameraModule/autonomous_rc', 'ROS_PYTHON_VERSION': '3', 'GTK_MODULES': 'appmenu-gtk-module', 'LC_CTYPE': 'C.UTF-8', 'UBUNTU_MENUPROXY': '1', 'ROS_DISTRO': 'jazzy', '_': '/home/u_ramesa2/micromamba/envs/ros_env_jazzy/bin/colcon', 'ROS_VERSION': '2', 'ROS_OS_OVERRIDE': 'conda:linux', 'PATH': '/usr/local/cuda/bin:/home/u_ramesa2/micromamba/envs/ros_env_jazzy/bin:/home/u_ramesa2/micromamba/condabin:/home/u_ramesa2/.local/bin:/usr/local/sbin:/usr/local/bin:/usr/sbin:/usr/bin:/sbin:/bin:/snap/bin:/opt/puppetlabs/bin', 'MAMBA_ROOT_PREFIX': '/home/u_ramesa2/micromamba', 'XML_CATALOG_FILES': 'file:///home/u_ramesa2/micromamba/envs/ros_env_jazzy/etc/xml/catalog file:///etc/xml/catalog', 'GSETTINGS_SCHEMA_DIR': '/home/u_ramesa2/micromamba/envs/ros_env_jazzy/share/glib-2.0/schemas', 'AMENT_PREFIX_PATH': '/home/u_ramesa2/micromamba/envs/ros_env_jazzy', 'CONDA_DEFAULT_ENV': 'ros_env_jazzy', 'ROS_AUTOMATIC_DISCOVERY_RANGE': 'SUBNET', 'PWD': '/mnt/external/DIY/CameraModule/autonomous_rc/build/lane_detection', 'XDG_DATA_DIRS': '/usr/share/gnome:/home/u_ramesa2/.local/share/flatpak/exports/share:/var/lib/flatpak/exports/share:/usr/local/share:/usr/share:/var/lib/snapd/desktop', 'PYTHONPATH': '/home/u_ramesa2/micromamba/envs/ros_env_jazzy/lib/python/site-packages:/home/u_ramesa2/micromamba/envs/ros_env_jazzy/lib/python3.12/site-packages', 'CONDA_PREFIX': '/home/u_ramesa2/micromamba/envs/ros_env_jazzy', 'GSETTINGS_SCHEMA_DIR_CONDA_BACKUP': '', 'COLCON': '1', 'MANPATH': ':/opt/puppetlabs/puppet/share/man', 'CMAKE_PREFIX_PATH': '/home/u_ramesa2/micromamba/envs/ros_env_jazzy'}), 'shell': False}
[28.189889] (lane_detection) StdoutLine: {'line': b'-- Install configuration: "Release"\n'}
[28.190290] (lane_detection) StdoutLine: {'line': b'-- Execute custom install script\n'}
[28.190610] (lane_detection) StdoutLine: {'line': b'-- Symlinking: /mnt/external/DIY/CameraModule/autonomous_rc/install/lane_detection/lib/lane_detection/lane_detection_node\n'}
[28.200131] (lane_detection) StdoutLine: {'line': b'-- Symlinking: /mnt/external/DIY/CameraModule/autonomous_rc/install/lane_detection/lib/liblane_detector.a\n'}
[28.209433] (lane_detection) StdoutLine: {'line': b'-- Symlinking: /mnt/external/DIY/CameraModule/autonomous_rc/install/lane_detection/share/lane_detection/launch/lane_detection.launch.py\n'}
[28.217783] (lane_detection) StdoutLine: {'line': b'-- Symlinking: /mnt/external/DIY/CameraModule/autonomous_rc/install/lane_detection/share/ament_index/resource_index/package_run_dependencies/lane_detection\n'}
[28.226038] (lane_detection) StdoutLine: {'line': b'-- Symlinking: /mnt/external/DIY/CameraModule/autonomous_rc/install/lane_detection/share/ament_index/resource_index/parent_prefix_path/lane_detection\n'}
[28.234326] (lane_detection) StdoutLine: {'line': b'-- Symlinking: /mnt/external/DIY/CameraModule/autonomous_rc/install/lane_detection/share/lane_detection/environment/ament_prefix_path.sh\n'}
[28.242390] (lane_detection) StdoutLine: {'line': b'-- Symlinking: /mnt/external/DIY/CameraModule/autonomous_rc/install/lane_detection/share/lane_detection/environment/ament_prefix_path.dsv\n'}
[28.250912] (lane_detection) StdoutLine: {'line': b'-- Symlinking: /mnt/external/DIY/CameraModule/autonomous_rc/install/lane_detection/share/lane_detection/environment/path.sh\n'}
[28.259743] (lane_detection) StdoutLine: {'line': b'-- Symlinking: /mnt/external/DIY/CameraModule/autonomous_rc/install/lane_detection/share/lane_detection/environment/path.dsv\n'}
[28.268277] (lane_detection) StdoutLine: {'line': b'-- Symlinking: /mnt/external/DIY/CameraModule/autonomous_rc/install/lane_detection/share/lane_detection/local_setup.bash\n'}
[28.274284] (-) TimerEvent: {}
[28.278168] (lane_detection) StdoutLine: {'line': b'-- Symlinking: /mnt/external/DIY/CameraModule/autonomous_rc/install/lane_detection/share/lane_detection/local_setup.sh\n'}
[28.284268] (safety_manager) StdoutLine: {'line': b'[100%] Built target estop_bridge_node\n'}
[28.285551] (lane_detection) StdoutLine: {'line': b'-- Symlinking: /mnt/external/DIY/CameraModule/autonomous_rc/install/lane_detection/share/lane_detection/local_setup.zsh\n'}
[28.293292] (lane_detection) StdoutLine: {'line': b'-- Symlinking: /mnt/external/DIY/CameraModule/autonomous_rc/install/lane_detection/share/lane_detection/local_setup.dsv\n'}
[28.295218] (safety_manager) CommandEnded: {'returncode': 0}
[28.296453] (safety_manager) JobProgress: {'identifier': 'safety_manager', 'progress': 'install'}
[28.296760] (safety_manager) Command: {'cmd': ['/home/u_ramesa2/micromamba/envs/ros_env_jazzy/bin/cmake', '--install', '/mnt/external/DIY/CameraModule/autonomous_rc/build/safety_manager'], 'cwd': '/mnt/external/DIY/CameraModule/autonomous_rc/build/safety_manager', 'env': OrderedDict({'CONDA_PROMPT_MODIFIER': '(ros_env_jazzy)', 'ROS_ETC_DIR': '/home/u_ramesa2/micromamba/envs/ros_env_jazzy/etc/ros', 'SHLVL': '0', 'HOME': '/home/u_ramesa2', 'CONDA_SHLVL': '1', 'OLDPWD': '/mnt/external/DIY/CameraModule/autonomous_rc', 'ROS_PYTHON_VERSION': '3', 'GTK_MODULES': 'appmenu-gtk-module', 'LC_CTYPE': 'C.UTF-8', 'UBUNTU_MENUPROXY': '1', 'ROS_DISTRO': 'jazzy', '_': '/home/u_ramesa2/micromamba/envs/ros_env_jazzy/bin/colcon', 'ROS_VERSION': '2', 'ROS_OS_OVERRIDE': 'conda:linux', 'PATH': '/usr/local/cuda/bin:/home/u_ramesa2/micromamba/envs/ros_env_jazzy/bin:/home/u_ramesa2/micromamba/condabin:/home/u_ramesa2/.local/bin:/usr/local/sbin:/usr/local/bin:/usr/sbin:/usr/bin:/sbin:/bin:/snap/bin:/opt/puppetlabs/bin', 'MAMBA_ROOT_PREFIX': '/home/u_ramesa2/micromamba', 'XML_CATALOG_FILES': 'file:///home/u_ramesa2/micromamba/envs/ros_env_jazzy/etc/xml/catalog file:///etc/xml/catalog', 'GSETTINGS_SCHEMA_DIR': '/home/u_ramesa2/micromamba/envs/ros_env_jazzy/share/glib-2.0/schemas', 'AMENT_PREFIX_PATH': '/home/u_ramesa2/micromamba/envs/ros_env_jazzy', 'CONDA_DEFAULT_ENV': 'ros_env_jazzy', 'ROS_AUTOMATIC_DISCOVERY_RANGE': 'SUBNET', 'PWD': '/mnt/external/DIY/CameraModule/autonomous_rc/build/safety_manager', 'XDG_DATA_DIRS': '/usr/share/gnome:/home/u_ramesa2/.local/share/flatpak/exports/share:/var/lib/flatpak/exports/share:/usr/local/share:/usr/share:/var/lib/snapd/desktop', 'PYTHONPATH': '/home/u_ramesa2/micromamba/envs/ros_env_jazzy/lib/python/site-packages:/home/u_ramesa2/micromamba/envs/ros_env_jazzy/lib/python3.12/site-packages', 'CONDA_PREFIX': '/home/u_ramesa2/micromamba/envs/ros_env_jazzy', 'GSETTINGS_SCHEMA_DIR_CONDA_BACKUP': '', 'COLCON': '1', 'MANPATH': ':/opt/puppetlabs/puppet/share/man', 'CMAKE_PREFIX_PATH': '/home/u_ramesa2/micromamba/envs/ros_env_jazzy'}), 'shell': False}
[28.302692] (lane_detection) StdoutLine: {'line': b'-- Symlinking: /mnt/external/DIY/CameraModule/autonomous_rc/install/lane_detection/share/lane_detection/package.dsv\n'}
[28.303590] (safety_manager) StdoutLine: {'line': b'-- Install configuration: "Release"\n'}
[28.304516] (safety_manager) StdoutLine: {'line': b'-- Execute custom install script\n'}
[28.304820] (safety_manager) StdoutLine: {'line': b'-- Symlinking: /mnt/external/DIY/CameraModule/autonomous_rc/install/safety_manager/share/ament_index/resource_index/rosidl_interfaces/safety_manager\n'}
[28.311272] (lane_detection) StdoutLine: {'line': b'-- Symlinking: /mnt/external/DIY/CameraModule/autonomous_rc/install/lane_detection/share/ament_index/resource_index/packages/lane_detection\n'}
[28.311689] (safety_manager) StdoutLine: {'line': b'-- Symlinking: /mnt/external/DIY/CameraModule/autonomous_rc/install/safety_manager/share/safety_manager/msg/EStopStatus.json\n'}
[28.319621] (lane_detection) StdoutLine: {'line': b'-- Symlinking: /mnt/external/DIY/CameraModule/autonomous_rc/install/lane_detection/share/lane_detection/cmake/lane_detectionConfig.cmake\n'}
[28.319902] (safety_manager) StdoutLine: {'line': b'-- Symlinking: /mnt/external/DIY/CameraModule/autonomous_rc/install/safety_manager/share/safety_manager/msg/VehicleState.json\n'}
[28.328355] (lane_detection) StdoutLine: {'line': b'-- Symlinking: /mnt/external/DIY/CameraModule/autonomous_rc/install/lane_detection/share/lane_detection/cmake/lane_detectionConfig-version.cmake\n'}
[28.329824] (safety_manager) StdoutLine: {'line': b'-- Symlinking: /mnt/external/DIY/CameraModule/autonomous_rc/install/safety_manager/include/safety_manager/safety_manager/msg/detail/e_stop_status__functions.h\n'}
[28.338095] (safety_manager) StdoutLine: {'line': b'-- Symlinking: /mnt/external/DIY/CameraModule/autonomous_rc/install/safety_manager/include/safety_manager/safety_manager/msg/detail/e_stop_status__struct.h\n'}
[28.338428] (lane_detection) StdoutLine: {'line': b'-- Symlinking: /mnt/external/DIY/CameraModule/autonomous_rc/install/lane_detection/share/lane_detection/package.xml\n'}
[28.345765] (safety_manager) StdoutLine: {'line': b'-- Symlinking: /mnt/external/DIY/CameraModule/autonomous_rc/install/safety_manager/include/safety_manager/safety_manager/msg/detail/e_stop_status__type_support.h\n'}
[28.347018] (lane_detection) CommandEnded: {'returncode': 0}
[28.367546] (lane_detection) JobEnded: {'identifier': 'lane_detection', 'rc': 0}
[28.368117] (safety_manager) StdoutLine: {'line': b'-- Symlinking: /mnt/external/DIY/CameraModule/autonomous_rc/install/safety_manager/include/safety_manager/safety_manager/msg/detail/vehicle_state__functions.h\n'}
[28.368227] (safety_manager) StdoutLine: {'line': b'-- Symlinking: /mnt/external/DIY/CameraModule/autonomous_rc/install/safety_manager/include/safety_manager/safety_manager/msg/detail/vehicle_state__struct.h\n'}
[28.370066] (safety_manager) StdoutLine: {'line': b'-- Symlinking: /mnt/external/DIY/CameraModule/autonomous_rc/install/safety_manager/include/safety_manager/safety_manager/msg/detail/vehicle_state__type_support.h\n'}
[28.374374] (-) TimerEvent: {}
[28.377220] (safety_manager) StdoutLine: {'line': b'-- Symlinking: /mnt/external/DIY/CameraModule/autonomous_rc/install/safety_manager/include/safety_manager/safety_manager/msg/e_stop_status.h\n'}
[28.385527] (safety_manager) StdoutLine: {'line': b'-- Symlinking: /mnt/external/DIY/CameraModule/autonomous_rc/install/safety_manager/include/safety_manager/safety_manager/msg/rosidl_generator_c__visibility_control.h\n'}
[28.394675] (safety_manager) StdoutLine: {'line': b'-- Symlinking: /mnt/external/DIY/CameraModule/autonomous_rc/install/safety_manager/include/safety_manager/safety_manager/msg/vehicle_state.h\n'}
[28.405253] (safety_manager) StdoutLine: {'line': b'-- Symlinking: /mnt/external/DIY/CameraModule/autonomous_rc/install/safety_manager/include/safety_manager/safety_manager/msg/detail/e_stop_status__rosidl_typesupport_fastrtps_c.h\n'}
[28.412626] (safety_manager) StdoutLine: {'line': b'-- Symlinking: /mnt/external/DIY/CameraModule/autonomous_rc/install/safety_manager/include/safety_manager/safety_manager/msg/detail/vehicle_state__rosidl_typesupport_fastrtps_c.h\n'}
[28.421657] (safety_manager) StdoutLine: {'line': b'-- Symlinking: /mnt/external/DIY/CameraModule/autonomous_rc/install/safety_manager/include/safety_manager/safety_manager/msg/rosidl_typesupport_fastrtps_c__visibility_control.h\n'}
[28.429446] (safety_manager) StdoutLine: {'line': b'-- Symlinking: /mnt/external/DIY/CameraModule/autonomous_rc/install/safety_manager/include/safety_manager/safety_manager/msg/detail/e_stop_status__builder.hpp\n'}
[28.438715] (safety_manager) StdoutLine: {'line': b'-- Symlinking: /mnt/external/DIY/CameraModule/autonomous_rc/install/safety_manager/include/safety_manager/safety_manager/msg/detail/e_stop_status__struct.hpp\n'}
[28.446505] (safety_manager) StdoutLine: {'line': b'-- Symlinking: /mnt/external/DIY/CameraModule/autonomous_rc/install/safety_manager/include/safety_manager/safety_manager/msg/detail/e_stop_status__traits.hpp\n'}
[28.454183] (safety_manager) StdoutLine: {'line': b'-- Symlinking: /mnt/external/DIY/CameraModule/autonomous_rc/install/safety_manager/include/safety_manager/safety_manager/msg/detail/e_stop_status__type_support.hpp\n'}
[28.462273] (safety_manager) StdoutLine: {'line': b'-- Symlinking: /mnt/external/DIY/CameraModule/autonomous_rc/install/safety_manager/include/safety_manager/safety_manager/msg/detail/vehicle_state__builder.hpp\n'}
[28.470636] (safety_manager) StdoutLine: {'line': b'-- Symlinking: /mnt/external/DIY/CameraModule/autonomous_rc/install/safety_manager/include/safety_manager/safety_manager/msg/detail/vehicle_state__struct.hpp\n'}
[28.474471] (-) TimerEvent: {}
[28.478920] (safety_manager) StdoutLine: {'line': b'-- Symlinking: /mnt/external/DIY/CameraModule/autonomous_rc/install/safety_manager/include/safety_manager/safety_manager/msg/detail/vehicle_state__traits.hpp\n'}
[28.486584] (safety_manager) StdoutLine: {'line': b'-- Symlinking: /mnt/external/DIY/CameraModule/autonomous_rc/install/safety_manager/include/safety_manager/safety_manager/msg/detail/vehicle_state__type_support.hpp\n'}
[28.494284] (safety_manager) StdoutLine: {'line': b'-- Symlinking: /mnt/external/DIY/CameraModule/autonomous_rc/install/safety_manager/include/safety_manager/safety_manager/msg/e_stop_status.hpp\n'}
[28.503336] (safety_manager) StdoutLine: {'line': b'-- Symlinking: /mnt/external/DIY/CameraModule/autonomous_rc/install/safety_manager/include/safety_manager/safety_manager/msg/rosidl_generator_cpp__visibility_control.hpp\n'}
[28.512481] (safety_manager) StdoutLine: {'line': b'-- Symlinking: /mnt/external/DIY/CameraModule/autonomous_rc/install/safety_manager/include/safety_manager/safety_manager/msg/vehicle_state.hpp\n'}
[28.522450] (safety_manager) StdoutLine: {'line': b'-- Symlinking: /mnt/external/DIY/CameraModule/autonomous_rc/install/safety_manager/include/safety_manager/safety_manager/msg/detail/e_stop_status__rosidl_typesupport_fastrtps_cpp.hpp\n'}
[28.531720] (safety_manager) StdoutLine: {'line': b'-- Symlinking: /mnt/external/DIY/CameraModule/autonomous_rc/install/safety_manager/include/safety_manager/safety_manager/msg/detail/vehicle_state__rosidl_typesupport_fastrtps_cpp.hpp\n'}
[28.539610] (safety_manager) StdoutLine: {'line': b'-- Symlinking: /mnt/external/DIY/CameraModule/autonomous_rc/install/safety_manager/include/safety_manager/safety_manager/msg/rosidl_typesupport_fastrtps_cpp__visibility_control.h\n'}
[28.547548] (safety_manager) StdoutLine: {'line': b'-- Symlinking: /mnt/external/DIY/CameraModule/autonomous_rc/install/safety_manager/include/safety_manager/safety_manager/msg/detail/e_stop_status__rosidl_typesupport_introspection_c.h\n'}
[28.555912] (safety_manager) StdoutLine: {'line': b'-- Symlinking: /mnt/external/DIY/CameraModule/autonomous_rc/install/safety_manager/include/safety_manager/safety_manager/msg/detail/vehicle_state__rosidl_typesupport_introspection_c.h\n'}
[28.565859] (safety_manager) StdoutLine: {'line': b'-- Symlinking: /mnt/external/DIY/CameraModule/autonomous_rc/install/safety_manager/include/safety_manager/safety_manager/msg/rosidl_typesupport_introspection_c__visibility_control.h\n'}
[28.574587] (-) TimerEvent: {}
[28.575137] (safety_manager) StdoutLine: {'line': b'-- Symlinking: /mnt/external/DIY/CameraModule/autonomous_rc/install/safety_manager/include/safety_manager/safety_manager/msg/detail/e_stop_status__rosidl_typesupport_introspection_cpp.hpp\n'}
[28.584455] (safety_manager) StdoutLine: {'line': b'-- Symlinking: /mnt/external/DIY/CameraModule/autonomous_rc/install/safety_manager/include/safety_manager/safety_manager/msg/detail/vehicle_state__rosidl_typesupport_introspection_cpp.hpp\n'}
[28.590937] (planner) StdoutLine: {'line': b'[100%] Linking CXX executable local_planner_node\n'}
[28.594046] (safety_manager) StdoutLine: {'line': b'-- Symlinking: /mnt/external/DIY/CameraModule/autonomous_rc/install/safety_manager/share/safety_manager/environment/pythonpath.sh\n'}
[28.604081] (safety_manager) StdoutLine: {'line': b'-- Symlinking: /mnt/external/DIY/CameraModule/autonomous_rc/install/safety_manager/share/safety_manager/environment/pythonpath.dsv\n'}
[28.612862] (safety_manager) StdoutLine: {'line': b'-- Symlinking: /mnt/external/DIY/CameraModule/autonomous_rc/install/safety_manager/lib/python3.12/site-packages/safety_manager-1.0.0-py3.12.egg-info/PKG-INFO\n'}
[28.620862] (safety_manager) StdoutLine: {'line': b'-- Symlinking: /mnt/external/DIY/CameraModule/autonomous_rc/install/safety_manager/lib/python3.12/site-packages/safety_manager-1.0.0-py3.12.egg-info/SOURCES.txt\n'}
[28.628428] (safety_manager) StdoutLine: {'line': b'-- Symlinking: /mnt/external/DIY/CameraModule/autonomous_rc/install/safety_manager/lib/python3.12/site-packages/safety_manager-1.0.0-py3.12.egg-info/dependency_links.txt\n'}
[28.637143] (safety_manager) StdoutLine: {'line': b'-- Symlinking: /mnt/external/DIY/CameraModule/autonomous_rc/install/safety_manager/lib/python3.12/site-packages/safety_manager-1.0.0-py3.12.egg-info/top_level.txt\n'}
[28.646045] (safety_manager) StdoutLine: {'line': b'-- Symlinking: /mnt/external/DIY/CameraModule/autonomous_rc/install/safety_manager/lib/python3.12/site-packages/safety_manager/__init__.py\n'}
[28.656132] (safety_manager) StdoutLine: {'line': b'-- Symlinking: /mnt/external/DIY/CameraModule/autonomous_rc/install/safety_manager/lib/python3.12/site-packages/safety_manager/_safety_manager_s.ep.rosidl_typesupport_c.c\n'}
[28.665434] (safety_manager) StdoutLine: {'line': b'-- Symlinking: /mnt/external/DIY/CameraModule/autonomous_rc/install/safety_manager/lib/python3.12/site-packages/safety_manager/_safety_manager_s.ep.rosidl_typesupport_fastrtps_c.c\n'}
[28.674338] (safety_manager) StdoutLine: {'line': b'-- Symlinking: /mnt/external/DIY/CameraModule/autonomous_rc/install/safety_manager/lib/python3.12/site-packages/safety_manager/_safety_manager_s.ep.rosidl_typesupport_introspection_c.c\n'}
[28.674641] (-) TimerEvent: {}
[28.683565] (safety_manager) StdoutLine: {'line': b'-- Symlinking: /mnt/external/DIY/CameraModule/autonomous_rc/install/safety_manager/lib/python3.12/site-packages/safety_manager/msg/__init__.py\n'}
[28.690995] (safety_manager) StdoutLine: {'line': b'-- Symlinking: /mnt/external/DIY/CameraModule/autonomous_rc/install/safety_manager/lib/python3.12/site-packages/safety_manager/msg/_e_stop_status.py\n'}
[28.699409] (safety_manager) StdoutLine: {'line': b'-- Symlinking: /mnt/external/DIY/CameraModule/autonomous_rc/install/safety_manager/lib/python3.12/site-packages/safety_manager/msg/_e_stop_status_s.c\n'}
[28.708097] (safety_manager) StdoutLine: {'line': b'-- Symlinking: /mnt/external/DIY/CameraModule/autonomous_rc/install/safety_manager/lib/python3.12/site-packages/safety_manager/msg/_vehicle_state.py\n'}
[28.717405] (safety_manager) StdoutLine: {'line': b'-- Symlinking: /mnt/external/DIY/CameraModule/autonomous_rc/install/safety_manager/lib/python3.12/site-packages/safety_manager/msg/_vehicle_state_s.c\n'}
[28.727349] (safety_manager) StdoutLine: {'line': b'-- Symlinking: /mnt/external/DIY/CameraModule/autonomous_rc/install/safety_manager/lib/python3.12/site-packages/safety_manager/safety_manager_s__rosidl_typesupport_c.so\n'}
[28.735896] (safety_manager) StdoutLine: {'line': b'-- Symlinking: /mnt/external/DIY/CameraModule/autonomous_rc/install/safety_manager/lib/python3.12/site-packages/safety_manager/safety_manager_s__rosidl_typesupport_fastrtps_c.so\n'}
[28.744000] (safety_manager) StdoutLine: {'line': b'-- Symlinking: /mnt/external/DIY/CameraModule/autonomous_rc/install/safety_manager/lib/python3.12/site-packages/safety_manager/safety_manager_s__rosidl_typesupport_introspection_c.so\n'}
[28.752243] (safety_manager) StdoutLine: {'line': b'-- Up-to-date symlink: /mnt/external/DIY/CameraModule/autonomous_rc/install/safety_manager/lib/python3.12/site-packages/safety_manager/safety_manager_s__rosidl_typesupport_fastrtps_c.so\n'}
[28.752509] (safety_manager) StdoutLine: {'line': b'-- Up-to-date symlink: /mnt/external/DIY/CameraModule/autonomous_rc/install/safety_manager/lib/python3.12/site-packages/safety_manager/safety_manager_s__rosidl_typesupport_introspection_c.so\n'}
[28.752678] (safety_manager) StdoutLine: {'line': b'-- Up-to-date symlink: /mnt/external/DIY/CameraModule/autonomous_rc/install/safety_manager/lib/python3.12/site-packages/safety_manager/safety_manager_s__rosidl_typesupport_c.so\n'}
[28.753027] (safety_manager) StdoutLine: {'line': b'-- Symlinking: /mnt/external/DIY/CameraModule/autonomous_rc/install/safety_manager/share/safety_manager/rust/Cargo.toml\n'}
[28.761561] (safety_manager) StdoutLine: {'line': b'-- Symlinking: /mnt/external/DIY/CameraModule/autonomous_rc/install/safety_manager/share/safety_manager/rust/build.rs\n'}
[28.769589] (safety_manager) StdoutLine: {'line': b'-- Symlinking: /mnt/external/DIY/CameraModule/autonomous_rc/install/safety_manager/share/safety_manager/rust/src/lib.rs\n'}
[28.774756] (-) TimerEvent: {}
[28.778795] (safety_manager) StdoutLine: {'line': b'-- Symlinking: /mnt/external/DIY/CameraModule/autonomous_rc/install/safety_manager/share/safety_manager/rust/src/msg.rs\n'}
[28.781840] (planner) StdoutLine: {'line': b'[100%] Built target local_planner_node\n'}
[28.786262] (safety_manager) StdoutLine: {'line': b'-- Symlinking: /mnt/external/DIY/CameraModule/autonomous_rc/install/safety_manager/share/safety_manager/rust/src/msg/rmw.rs\n'}
[28.792492] (planner) CommandEnded: {'returncode': 0}
[28.793644] (planner) JobProgress: {'identifier': 'planner', 'progress': 'install'}
[28.793939] (planner) Command: {'cmd': ['/home/u_ramesa2/micromamba/envs/ros_env_jazzy/bin/cmake', '--install', '/mnt/external/DIY/CameraModule/autonomous_rc/build/planner'], 'cwd': '/mnt/external/DIY/CameraModule/autonomous_rc/build/planner', 'env': OrderedDict({'CONDA_PROMPT_MODIFIER': '(ros_env_jazzy)', 'ROS_ETC_DIR': '/home/u_ramesa2/micromamba/envs/ros_env_jazzy/etc/ros', 'SHLVL': '0', 'HOME': '/home/u_ramesa2', 'CONDA_SHLVL': '1', 'OLDPWD': '/mnt/external/DIY/CameraModule/autonomous_rc', 'ROS_PYTHON_VERSION': '3', 'GTK_MODULES': 'appmenu-gtk-module', 'LC_CTYPE': 'C.UTF-8', 'UBUNTU_MENUPROXY': '1', 'ROS_DISTRO': 'jazzy', '_': '/home/u_ramesa2/micromamba/envs/ros_env_jazzy/bin/colcon', 'ROS_VERSION': '2', 'ROS_OS_OVERRIDE': 'conda:linux', 'PATH': '/usr/local/cuda/bin:/home/u_ramesa2/micromamba/envs/ros_env_jazzy/bin:/home/u_ramesa2/micromamba/condabin:/home/u_ramesa2/.local/bin:/usr/local/sbin:/usr/local/bin:/usr/sbin:/usr/bin:/sbin:/bin:/snap/bin:/opt/puppetlabs/bin', 'MAMBA_ROOT_PREFIX': '/home/u_ramesa2/micromamba', 'XML_CATALOG_FILES': 'file:///home/u_ramesa2/micromamba/envs/ros_env_jazzy/etc/xml/catalog file:///etc/xml/catalog', 'GSETTINGS_SCHEMA_DIR': '/home/u_ramesa2/micromamba/envs/ros_env_jazzy/share/glib-2.0/schemas', 'AMENT_PREFIX_PATH': '/home/u_ramesa2/micromamba/envs/ros_env_jazzy', 'CONDA_DEFAULT_ENV': 'ros_env_jazzy', 'ROS_AUTOMATIC_DISCOVERY_RANGE': 'SUBNET', 'PWD': '/mnt/external/DIY/CameraModule/autonomous_rc/build/planner', 'XDG_DATA_DIRS': '/usr/share/gnome:/home/u_ramesa2/.local/share/flatpak/exports/share:/var/lib/flatpak/exports/share:/usr/local/share:/usr/share:/var/lib/snapd/desktop', 'PYTHONPATH': '/home/u_ramesa2/micromamba/envs/ros_env_jazzy/lib/python/site-packages:/home/u_ramesa2/micromamba/envs/ros_env_jazzy/lib/python3.12/site-packages', 'CONDA_PREFIX': '/home/u_ramesa2/micromamba/envs/ros_env_jazzy', 'GSETTINGS_SCHEMA_DIR_CONDA_BACKUP': '', 'COLCON': '1', 'MANPATH': ':/opt/puppetlabs/puppet/share/man', 'CMAKE_PREFIX_PATH': '/home/u_ramesa2/micromamba/envs/ros_env_jazzy'}), 'shell': False}
[28.795125] (safety_manager) StdoutLine: {'line': b'-- Symlinking: /mnt/external/DIY/CameraModule/autonomous_rc/install/safety_manager/share/safety_manager/msg/EStopStatus.idl\n'}
[28.802644] (safety_manager) StdoutLine: {'line': b'-- Symlinking: /mnt/external/DIY/CameraModule/autonomous_rc/install/safety_manager/share/safety_manager/msg/VehicleState.idl\n'}
[28.802868] (planner) StdoutLine: {'line': b'-- Install configuration: "Release"\n'}
[28.803336] (planner) StdoutLine: {'line': b'-- Execute custom install script\n'}
[28.803847] (planner) StdoutLine: {'line': b'-- Symlinking: /mnt/external/DIY/CameraModule/autonomous_rc/install/planner/lib/planner/local_planner_node\n'}
[28.810577] (safety_manager) StdoutLine: {'line': b'-- Symlinking: /mnt/external/DIY/CameraModule/autonomous_rc/install/safety_manager/share/safety_manager/msg/EStopStatus.msg\n'}
[28.813705] (planner) StdoutLine: {'line': b'-- Symlinking: /mnt/external/DIY/CameraModule/autonomous_rc/install/planner/lib/libplanner_core.a\n'}
[28.818910] (safety_manager) StdoutLine: {'line': b'-- Symlinking: /mnt/external/DIY/CameraModule/autonomous_rc/install/safety_manager/share/safety_manager/msg/VehicleState.msg\n'}
[28.821377] (planner) StdoutLine: {'line': b'-- Symlinking: /mnt/external/DIY/CameraModule/autonomous_rc/install/planner/share/planner/launch/planner.launch.py\n'}
[28.828542] (safety_manager) StdoutLine: {'line': b'-- Symlinking: /mnt/external/DIY/CameraModule/autonomous_rc/install/safety_manager/lib/safety_manager/estop_bridge_node\n'}
[28.828717] (planner) StdoutLine: {'line': b'-- Symlinking: /mnt/external/DIY/CameraModule/autonomous_rc/install/planner/share/planner/config/raceline.yaml\n'}
[28.835950] (planner) StdoutLine: {'line': b'-- Symlinking: /mnt/external/DIY/CameraModule/autonomous_rc/install/planner/share/ament_index/resource_index/package_run_dependencies/planner\n'}
[28.836301] (safety_manager) StdoutLine: {'line': b'-- Symlinking: /mnt/external/DIY/CameraModule/autonomous_rc/install/safety_manager/share/safety_manager/launch/safety_manager.launch.py\n'}
[28.843197] (planner) StdoutLine: {'line': b'-- Symlinking: /mnt/external/DIY/CameraModule/autonomous_rc/install/planner/share/ament_index/resource_index/parent_prefix_path/planner\n'}
[28.844576] (safety_manager) StdoutLine: {'line': b'-- Symlinking: /mnt/external/DIY/CameraModule/autonomous_rc/install/safety_manager/share/safety_manager/firmware/esp32_estop/esp32_estop.cpp\n'}
[28.850716] (planner) StdoutLine: {'line': b'-- Symlinking: /mnt/external/DIY/CameraModule/autonomous_rc/install/planner/share/planner/environment/ament_prefix_path.sh\n'}
[28.852941] (safety_manager) StdoutLine: {'line': b'-- Symlinking: /mnt/external/DIY/CameraModule/autonomous_rc/install/safety_manager/share/safety_manager/firmware/esp32_estop/include/uart_protocol.hpp\n'}
[28.858307] (planner) StdoutLine: {'line': b'-- Symlinking: /mnt/external/DIY/CameraModule/autonomous_rc/install/planner/share/planner/environment/ament_prefix_path.dsv\n'}
[28.861309] (safety_manager) StdoutLine: {'line': b'-- Symlinking: /mnt/external/DIY/CameraModule/autonomous_rc/install/safety_manager/share/safety_manager/firmware/esp32_estop/platformio.ini\n'}
[28.866672] (planner) StdoutLine: {'line': b'-- Symlinking: /mnt/external/DIY/CameraModule/autonomous_rc/install/planner/share/planner/environment/path.sh\n'}
[28.871058] (safety_manager) StdoutLine: {'line': b'-- Symlinking: /mnt/external/DIY/CameraModule/autonomous_rc/install/safety_manager/share/ament_index/resource_index/package_run_dependencies/safety_manager\n'}
[28.874955] (planner) StdoutLine: {'line': b'-- Symlinking: /mnt/external/DIY/CameraModule/autonomous_rc/install/planner/share/planner/environment/path.dsv\n'}
[28.875239] (-) TimerEvent: {}
[28.878592] (safety_manager) StdoutLine: {'line': b'-- Symlinking: /mnt/external/DIY/CameraModule/autonomous_rc/install/safety_manager/share/ament_index/resource_index/parent_prefix_path/safety_manager\n'}
[28.882008] (planner) StdoutLine: {'line': b'-- Symlinking: /mnt/external/DIY/CameraModule/autonomous_rc/install/planner/share/planner/local_setup.bash\n'}
[28.886403] (safety_manager) StdoutLine: {'line': b'-- Symlinking: /mnt/external/DIY/CameraModule/autonomous_rc/install/safety_manager/share/safety_manager/environment/ament_prefix_path.sh\n'}
[28.890007] (planner) StdoutLine: {'line': b'-- Symlinking: /mnt/external/DIY/CameraModule/autonomous_rc/install/planner/share/planner/local_setup.sh\n'}
[28.894973] (safety_manager) StdoutLine: {'line': b'-- Symlinking: /mnt/external/DIY/CameraModule/autonomous_rc/install/safety_manager/share/safety_manager/environment/ament_prefix_path.dsv\n'}
[28.896934] (planner) StdoutLine: {'line': b'-- Symlinking: /mnt/external/DIY/CameraModule/autonomous_rc/install/planner/share/planner/local_setup.zsh\n'}
[28.902550] (safety_manager) StdoutLine: {'line': b'-- Symlinking: /mnt/external/DIY/CameraModule/autonomous_rc/install/safety_manager/share/safety_manager/environment/path.sh\n'}
[28.905517] (planner) StdoutLine: {'line': b'-- Symlinking: /mnt/external/DIY/CameraModule/autonomous_rc/install/planner/share/planner/local_setup.dsv\n'}
[28.910639] (safety_manager) StdoutLine: {'line': b'-- Symlinking: /mnt/external/DIY/CameraModule/autonomous_rc/install/safety_manager/share/safety_manager/environment/path.dsv\n'}
[28.913737] (planner) StdoutLine: {'line': b'-- Symlinking: /mnt/external/DIY/CameraModule/autonomous_rc/install/planner/share/planner/package.dsv\n'}
[28.918995] (safety_manager) StdoutLine: {'line': b'-- Symlinking: /mnt/external/DIY/CameraModule/autonomous_rc/install/safety_manager/share/safety_manager/local_setup.bash\n'}
[28.920562] (planner) StdoutLine: {'line': b'-- Symlinking: /mnt/external/DIY/CameraModule/autonomous_rc/install/planner/share/ament_index/resource_index/packages/planner\n'}
[28.926641] (safety_manager) StdoutLine: {'line': b'-- Symlinking: /mnt/external/DIY/CameraModule/autonomous_rc/install/safety_manager/share/safety_manager/local_setup.sh\n'}
[28.928726] (planner) StdoutLine: {'line': b'-- Symlinking: /mnt/external/DIY/CameraModule/autonomous_rc/install/planner/share/planner/cmake/plannerConfig.cmake\n'}
[28.935068] (safety_manager) StdoutLine: {'line': b'-- Symlinking: /mnt/external/DIY/CameraModule/autonomous_rc/install/safety_manager/share/safety_manager/local_setup.zsh\n'}
[28.936116] (planner) StdoutLine: {'line': b'-- Symlinking: /mnt/external/DIY/CameraModule/autonomous_rc/install/planner/share/planner/cmake/plannerConfig-version.cmake\n'}
[28.942360] (safety_manager) StdoutLine: {'line': b'-- Symlinking: /mnt/external/DIY/CameraModule/autonomous_rc/install/safety_manager/share/safety_manager/local_setup.dsv\n'}
[28.944172] (planner) StdoutLine: {'line': b'-- Symlinking: /mnt/external/DIY/CameraModule/autonomous_rc/install/planner/share/planner/package.xml\n'}
[28.950067] (safety_manager) StdoutLine: {'line': b'-- Symlinking: /mnt/external/DIY/CameraModule/autonomous_rc/install/safety_manager/share/safety_manager/package.dsv\n'}
[28.952912] (planner) CommandEnded: {'returncode': 0}
[28.968449] (planner) JobEnded: {'identifier': 'planner', 'rc': 0}
[28.968854] (safety_manager) StdoutLine: {'line': b'-- Symlinking: /mnt/external/DIY/CameraModule/autonomous_rc/install/safety_manager/share/ament_index/resource_index/packages/safety_manager\n'}
[28.968962] (safety_manager) StdoutLine: {'line': b'-- Symlinking: /mnt/external/DIY/CameraModule/autonomous_rc/install/safety_manager/share/safety_manager/cmake/rosidl_cmake-extras.cmake\n'}
[28.974761] (safety_manager) StdoutLine: {'line': b'-- Symlinking: /mnt/external/DIY/CameraModule/autonomous_rc/install/safety_manager/share/safety_manager/cmake/ament_cmake_export_dependencies-extras.cmake\n'}
[28.975325] (-) TimerEvent: {}
[28.981799] (safety_manager) StdoutLine: {'line': b'-- Symlinking: /mnt/external/DIY/CameraModule/autonomous_rc/install/safety_manager/share/safety_manager/cmake/ament_cmake_export_include_directories-extras.cmake\n'}
[28.991181] (safety_manager) StdoutLine: {'line': b'-- Symlinking: /mnt/external/DIY/CameraModule/autonomous_rc/install/safety_manager/share/safety_manager/cmake/ament_cmake_export_libraries-extras.cmake\n'}
[29.000123] (safety_manager) StdoutLine: {'line': b'-- Symlinking: /mnt/external/DIY/CameraModule/autonomous_rc/install/safety_manager/share/safety_manager/cmake/ament_cmake_export_targets-extras.cmake\n'}
[29.008596] (safety_manager) StdoutLine: {'line': b'-- Symlinking: /mnt/external/DIY/CameraModule/autonomous_rc/install/safety_manager/share/safety_manager/cmake/rosidl_cmake_export_typesupport_targets-extras.cmake\n'}
[29.017326] (safety_manager) StdoutLine: {'line': b'-- Symlinking: /mnt/external/DIY/CameraModule/autonomous_rc/install/safety_manager/share/safety_manager/cmake/rosidl_cmake_export_typesupport_libraries-extras.cmake\n'}
[29.025276] (safety_manager) StdoutLine: {'line': b'-- Symlinking: /mnt/external/DIY/CameraModule/autonomous_rc/install/safety_manager/share/safety_manager/cmake/rosidl_cmake_aggregate_target-extras.cmake\n'}
[29.034266] (safety_manager) StdoutLine: {'line': b'-- Symlinking: /mnt/external/DIY/CameraModule/autonomous_rc/install/safety_manager/share/safety_manager/cmake/safety_managerConfig.cmake\n'}
[29.041466] (safety_manager) StdoutLine: {'line': b'-- Symlinking: /mnt/external/DIY/CameraModule/autonomous_rc/install/safety_manager/share/safety_manager/cmake/safety_managerConfig-version.cmake\n'}
[29.050492] (safety_manager) StdoutLine: {'line': b'-- Symlinking: /mnt/external/DIY/CameraModule/autonomous_rc/install/safety_manager/share/safety_manager/package.xml\n'}
[29.059378] (safety_manager) StdoutLine: {'line': b'-- Installing: /mnt/external/DIY/CameraModule/autonomous_rc/install/safety_manager/lib/libsafety_manager__rosidl_generator_c.so\n'}
[29.059689] (safety_manager) StdoutLine: {'line': b'-- Installing: /mnt/external/DIY/CameraModule/autonomous_rc/install/safety_manager/lib/libsafety_manager__rosidl_typesupport_fastrtps_c.so\n'}
[29.060156] (safety_manager) StdoutLine: {'line': b'-- Set non-toolchain portion of runtime path of "/mnt/external/DIY/CameraModule/autonomous_rc/install/safety_manager/lib/libsafety_manager__rosidl_typesupport_fastrtps_c.so" to ""\n'}
[29.060445] (safety_manager) StdoutLine: {'line': b'-- Installing: /mnt/external/DIY/CameraModule/autonomous_rc/install/safety_manager/lib/libsafety_manager__rosidl_typesupport_fastrtps_cpp.so\n'}
[29.060842] (safety_manager) StdoutLine: {'line': b'-- Set non-toolchain portion of runtime path of "/mnt/external/DIY/CameraModule/autonomous_rc/install/safety_manager/lib/libsafety_manager__rosidl_typesupport_fastrtps_cpp.so" to ""\n'}
[29.061044] (safety_manager) StdoutLine: {'line': b'-- Installing: /mnt/external/DIY/CameraModule/autonomous_rc/install/safety_manager/lib/libsafety_manager__rosidl_typesupport_introspection_c.so\n'}
[29.061739] (safety_manager) StdoutLine: {'line': b'-- Set non-toolchain portion of runtime path of "/mnt/external/DIY/CameraModule/autonomous_rc/install/safety_manager/lib/libsafety_manager__rosidl_typesupport_introspection_c.so" to ""\n'}
[29.061926] (safety_manager) StdoutLine: {'line': b'-- Installing: /mnt/external/DIY/CameraModule/autonomous_rc/install/safety_manager/lib/libsafety_manager__rosidl_typesupport_c.so\n'}
[29.062486] (safety_manager) StdoutLine: {'line': b'-- Set non-toolchain portion of runtime path of "/mnt/external/DIY/CameraModule/autonomous_rc/install/safety_manager/lib/libsafety_manager__rosidl_typesupport_c.so" to ""\n'}
[29.062726] (safety_manager) StdoutLine: {'line': b'-- Installing: /mnt/external/DIY/CameraModule/autonomous_rc/install/safety_manager/lib/libsafety_manager__rosidl_typesupport_introspection_cpp.so\n'}
[29.063443] (safety_manager) StdoutLine: {'line': b'-- Set non-toolchain portion of runtime path of "/mnt/external/DIY/CameraModule/autonomous_rc/install/safety_manager/lib/libsafety_manager__rosidl_typesupport_introspection_cpp.so" to ""\n'}
[29.063661] (safety_manager) StdoutLine: {'line': b'-- Installing: /mnt/external/DIY/CameraModule/autonomous_rc/install/safety_manager/lib/libsafety_manager__rosidl_typesupport_cpp.so\n'}
[29.064527] (safety_manager) StdoutLine: {'line': b'-- Set non-toolchain portion of runtime path of "/mnt/external/DIY/CameraModule/autonomous_rc/install/safety_manager/lib/libsafety_manager__rosidl_typesupport_cpp.so" to ""\n'}
[29.075439] (-) TimerEvent: {}
[29.107858] (safety_manager) StdoutLine: {'line': b"Listing '/mnt/external/DIY/CameraModule/autonomous_rc/install/safety_manager/lib/python3.12/site-packages/safety_manager'...\n"}
[29.108098] (safety_manager) StdoutLine: {'line': b"Compiling '/mnt/external/DIY/CameraModule/autonomous_rc/install/safety_manager/lib/python3.12/site-packages/safety_manager/__init__.py'...\n"}
[29.108253] (safety_manager) StdoutLine: {'line': b"Listing '/mnt/external/DIY/CameraModule/autonomous_rc/install/safety_manager/lib/python3.12/site-packages/safety_manager/msg'...\n"}
[29.108366] (safety_manager) StdoutLine: {'line': b"Compiling '/mnt/external/DIY/CameraModule/autonomous_rc/install/safety_manager/lib/python3.12/site-packages/safety_manager/msg/__init__.py'...\n"}
[29.108472] (safety_manager) StdoutLine: {'line': b"Compiling '/mnt/external/DIY/CameraModule/autonomous_rc/install/safety_manager/lib/python3.12/site-packages/safety_manager/msg/_e_stop_status.py'...\n"}
[29.108575] (safety_manager) StdoutLine: {'line': b"Compiling '/mnt/external/DIY/CameraModule/autonomous_rc/install/safety_manager/lib/python3.12/site-packages/safety_manager/msg/_vehicle_state.py'...\n"}
[29.113289] (safety_manager) StdoutLine: {'line': b'-- Installing: /mnt/external/DIY/CameraModule/autonomous_rc/install/safety_manager/lib/libsafety_manager__rosidl_generator_py.so\n'}
[29.113858] (safety_manager) StdoutLine: {'line': b'-- Set non-toolchain portion of runtime path of "/mnt/external/DIY/CameraModule/autonomous_rc/install/safety_manager/lib/libsafety_manager__rosidl_generator_py.so" to ""\n'}
[29.114019] (safety_manager) StdoutLine: {'line': b'-- Installing: /mnt/external/DIY/CameraModule/autonomous_rc/install/safety_manager/share/safety_manager/cmake/export_safety_manager__rosidl_generator_cExport.cmake\n'}
[29.114375] (safety_manager) StdoutLine: {'line': b'-- Installing: /mnt/external/DIY/CameraModule/autonomous_rc/install/safety_manager/share/safety_manager/cmake/export_safety_manager__rosidl_generator_cExport-release.cmake\n'}
[29.114726] (safety_manager) StdoutLine: {'line': b'-- Installing: /mnt/external/DIY/CameraModule/autonomous_rc/install/safety_manager/share/safety_manager/cmake/export_safety_manager__rosidl_typesupport_fastrtps_cExport.cmake\n'}
[29.115161] (safety_manager) StdoutLine: {'line': b'-- Installing: /mnt/external/DIY/CameraModule/autonomous_rc/install/safety_manager/share/safety_manager/cmake/export_safety_manager__rosidl_typesupport_fastrtps_cExport-release.cmake\n'}
[29.115456] (safety_manager) StdoutLine: {'line': b'-- Installing: /mnt/external/DIY/CameraModule/autonomous_rc/install/safety_manager/share/safety_manager/cmake/export_safety_manager__rosidl_generator_cppExport.cmake\n'}
[29.115794] (safety_manager) StdoutLine: {'line': b'-- Installing: /mnt/external/DIY/CameraModule/autonomous_rc/install/safety_manager/share/safety_manager/cmake/export_safety_manager__rosidl_typesupport_fastrtps_cppExport.cmake\n'}
[29.116093] (safety_manager) StdoutLine: {'line': b'-- Installing: /mnt/external/DIY/CameraModule/autonomous_rc/install/safety_manager/share/safety_manager/cmake/export_safety_manager__rosidl_typesupport_fastrtps_cppExport-release.cmake\n'}
[29.116380] (safety_manager) StdoutLine: {'line': b'-- Installing: /mnt/external/DIY/CameraModule/autonomous_rc/install/safety_manager/share/safety_manager/cmake/safety_manager__rosidl_typesupport_introspection_cExport.cmake\n'}
[29.116593] (safety_manager) StdoutLine: {'line': b'-- Installing: /mnt/external/DIY/CameraModule/autonomous_rc/install/safety_manager/share/safety_manager/cmake/safety_manager__rosidl_typesupport_introspection_cExport-release.cmake\n'}
[29.116917] (safety_manager) StdoutLine: {'line': b'-- Installing: /mnt/external/DIY/CameraModule/autonomous_rc/install/safety_manager/share/safety_manager/cmake/safety_manager__rosidl_typesupport_cExport.cmake\n'}
[29.117202] (safety_manager) StdoutLine: {'line': b'-- Installing: /mnt/external/DIY/CameraModule/autonomous_rc/install/safety_manager/share/safety_manager/cmake/safety_manager__rosidl_typesupport_cExport-release.cmake\n'}
[29.117329] (safety_manager) StdoutLine: {'line': b'-- Installing: /mnt/external/DIY/CameraModule/autonomous_rc/install/safety_manager/share/safety_manager/cmake/safety_manager__rosidl_typesupport_introspection_cppExport.cmake\n'}
[29.117467] (safety_manager) StdoutLine: {'line': b'-- Installing: /mnt/external/DIY/CameraModule/autonomous_rc/install/safety_manager/share/safety_manager/cmake/safety_manager__rosidl_typesupport_introspection_cppExport-release.cmake\n'}
[29.117728] (safety_manager) StdoutLine: {'line': b'-- Installing: /mnt/external/DIY/CameraModule/autonomous_rc/install/safety_manager/share/safety_manager/cmake/safety_manager__rosidl_typesupport_cppExport.cmake\n'}
[29.117912] (safety_manager) StdoutLine: {'line': b'-- Installing: /mnt/external/DIY/CameraModule/autonomous_rc/install/safety_manager/share/safety_manager/cmake/safety_manager__rosidl_typesupport_cppExport-release.cmake\n'}
[29.118134] (safety_manager) StdoutLine: {'line': b'-- Installing: /mnt/external/DIY/CameraModule/autonomous_rc/install/safety_manager/share/safety_manager/cmake/export_safety_manager__rosidl_generator_pyExport.cmake\n'}
[29.118354] (safety_manager) StdoutLine: {'line': b'-- Installing: /mnt/external/DIY/CameraModule/autonomous_rc/install/safety_manager/share/safety_manager/cmake/export_safety_manager__rosidl_generator_pyExport-release.cmake\n'}
[29.120126] (safety_manager) CommandEnded: {'returncode': 0}
[29.149553] (safety_manager) JobEnded: {'identifier': 'safety_manager', 'rc': 0}
[29.150840] (controller) JobStarted: {'identifier': 'controller'}
[29.152747] (diagnostics) JobStarted: {'identifier': 'diagnostics'}
[29.155732] (recovery_manager) JobStarted: {'identifier': 'recovery_manager'}
[29.159431] (controller) JobProgress: {'identifier': 'controller', 'progress': 'cmake'}
[29.159943] (controller) Command: {'cmd': ['/home/u_ramesa2/micromamba/envs/ros_env_jazzy/bin/cmake', '/mnt/external/DIY/CameraModule/autonomous_rc/src/controller', '-DCMAKE_BUILD_TYPE=Release', '-DAMENT_CMAKE_SYMLINK_INSTALL=1', '-DCMAKE_INSTALL_PREFIX=/mnt/external/DIY/CameraModule/autonomous_rc/install/controller'], 'cwd': '/mnt/external/DIY/CameraModule/autonomous_rc/build/controller', 'env': OrderedDict({'CONDA_PROMPT_MODIFIER': '(ros_env_jazzy)', 'ROS_ETC_DIR': '/home/u_ramesa2/micromamba/envs/ros_env_jazzy/etc/ros', 'SHLVL': '0', 'LD_LIBRARY_PATH': '/mnt/external/DIY/CameraModule/autonomous_rc/install/safety_manager/lib', 'HOME': '/home/u_ramesa2', 'CONDA_SHLVL': '1', 'OLDPWD': '/mnt/external/DIY/CameraModule/autonomous_rc', 'ROS_PYTHON_VERSION': '3', 'GTK_MODULES': 'appmenu-gtk-module', 'LC_CTYPE': 'C.UTF-8', 'UBUNTU_MENUPROXY': '1', 'ROS_DISTRO': 'jazzy', '_': '/home/u_ramesa2/micromamba/envs/ros_env_jazzy/bin/colcon', 'ROS_VERSION': '2', 'ROS_OS_OVERRIDE': 'conda:linux', 'PATH': '/usr/local/cuda/bin:/home/u_ramesa2/micromamba/envs/ros_env_jazzy/bin:/home/u_ramesa2/micromamba/condabin:/home/u_ramesa2/.local/bin:/usr/local/sbin:/usr/local/bin:/usr/sbin:/usr/bin:/sbin:/bin:/snap/bin:/opt/puppetlabs/bin', 'MAMBA_ROOT_PREFIX': '/home/u_ramesa2/micromamba', 'XML_CATALOG_FILES': 'file:///home/u_ramesa2/micromamba/envs/ros_env_jazzy/etc/xml/catalog file:///etc/xml/catalog', 'GSETTINGS_SCHEMA_DIR': '/home/u_ramesa2/micromamba/envs/ros_env_jazzy/share/glib-2.0/schemas', 'AMENT_PREFIX_PATH': '/mnt/external/DIY/CameraModule/autonomous_rc/install/safety_manager:/home/u_ramesa2/micromamba/envs/ros_env_jazzy', 'CONDA_DEFAULT_ENV': 'ros_env_jazzy', 'ROS_AUTOMATIC_DISCOVERY_RANGE': 'SUBNET', 'PWD': '/mnt/external/DIY/CameraModule/autonomous_rc/build/controller', 'XDG_DATA_DIRS': '/usr/share/gnome:/home/u_ramesa2/.local/share/flatpak/exports/share:/var/lib/flatpak/exports/share:/usr/local/share:/usr/share:/var/lib/snapd/desktop', 'PYTHONPATH': '/mnt/external/DIY/CameraModule/autonomous_rc/install/safety_manager/lib/python3.12/site-packages:/home/u_ramesa2/micromamba/envs/ros_env_jazzy/lib/python/site-packages:/home/u_ramesa2/micromamba/envs/ros_env_jazzy/lib/python3.12/site-packages', 'CONDA_PREFIX': '/home/u_ramesa2/micromamba/envs/ros_env_jazzy', 'GSETTINGS_SCHEMA_DIR_CONDA_BACKUP': '', 'COLCON': '1', 'MANPATH': ':/opt/puppetlabs/puppet/share/man', 'CMAKE_PREFIX_PATH': '/mnt/external/DIY/CameraModule/autonomous_rc/install/safety_manager:/home/u_ramesa2/micromamba/envs/ros_env_jazzy'}), 'shell': False}
[29.161073] (diagnostics) JobProgress: {'identifier': 'diagnostics', 'progress': 'cmake'}
[29.161653] (diagnostics) Command: {'cmd': ['/home/u_ramesa2/micromamba/envs/ros_env_jazzy/bin/cmake', '/mnt/external/DIY/CameraModule/autonomous_rc/src/diagnostics', '-DCMAKE_BUILD_TYPE=Release', '-DAMENT_CMAKE_SYMLINK_INSTALL=1', '-DCMAKE_INSTALL_PREFIX=/mnt/external/DIY/CameraModule/autonomous_rc/install/diagnostics'], 'cwd': '/mnt/external/DIY/CameraModule/autonomous_rc/build/diagnostics', 'env': OrderedDict({'CONDA_PROMPT_MODIFIER': '(ros_env_jazzy)', 'ROS_ETC_DIR': '/home/u_ramesa2/micromamba/envs/ros_env_jazzy/etc/ros', 'SHLVL': '0', 'LD_LIBRARY_PATH': '/mnt/external/DIY/CameraModule/autonomous_rc/install/safety_manager/lib', 'HOME': '/home/u_ramesa2', 'CONDA_SHLVL': '1', 'OLDPWD': '/mnt/external/DIY/CameraModule/autonomous_rc', 'ROS_PYTHON_VERSION': '3', 'GTK_MODULES': 'appmenu-gtk-module', 'LC_CTYPE': 'C.UTF-8', 'UBUNTU_MENUPROXY': '1', 'ROS_DISTRO': 'jazzy', '_': '/home/u_ramesa2/micromamba/envs/ros_env_jazzy/bin/colcon', 'ROS_VERSION': '2', 'ROS_OS_OVERRIDE': 'conda:linux', 'PATH': '/usr/local/cuda/bin:/home/u_ramesa2/micromamba/envs/ros_env_jazzy/bin:/home/u_ramesa2/micromamba/condabin:/home/u_ramesa2/.local/bin:/usr/local/sbin:/usr/local/bin:/usr/sbin:/usr/bin:/sbin:/bin:/snap/bin:/opt/puppetlabs/bin', 'MAMBA_ROOT_PREFIX': '/home/u_ramesa2/micromamba', 'XML_CATALOG_FILES': 'file:///home/u_ramesa2/micromamba/envs/ros_env_jazzy/etc/xml/catalog file:///etc/xml/catalog', 'GSETTINGS_SCHEMA_DIR': '/home/u_ramesa2/micromamba/envs/ros_env_jazzy/share/glib-2.0/schemas', 'AMENT_PREFIX_PATH': '/mnt/external/DIY/CameraModule/autonomous_rc/install/safety_manager:/home/u_ramesa2/micromamba/envs/ros_env_jazzy', 'CONDA_DEFAULT_ENV': 'ros_env_jazzy', 'ROS_AUTOMATIC_DISCOVERY_RANGE': 'SUBNET', 'PWD': '/mnt/external/DIY/CameraModule/autonomous_rc/build/diagnostics', 'XDG_DATA_DIRS': '/usr/share/gnome:/home/u_ramesa2/.local/share/flatpak/exports/share:/var/lib/flatpak/exports/share:/usr/local/share:/usr/share:/var/lib/snapd/desktop', 'PYTHONPATH': '/mnt/external/DIY/CameraModule/autonomous_rc/install/safety_manager/lib/python3.12/site-packages:/home/u_ramesa2/micromamba/envs/ros_env_jazzy/lib/python/site-packages:/home/u_ramesa2/micromamba/envs/ros_env_jazzy/lib/python3.12/site-packages', 'CONDA_PREFIX': '/home/u_ramesa2/micromamba/envs/ros_env_jazzy', 'GSETTINGS_SCHEMA_DIR_CONDA_BACKUP': '', 'COLCON': '1', 'MANPATH': ':/opt/puppetlabs/puppet/share/man', 'CMAKE_PREFIX_PATH': '/mnt/external/DIY/CameraModule/autonomous_rc/install/safety_manager:/home/u_ramesa2/micromamba/envs/ros_env_jazzy'}), 'shell': False}
[29.163328] (recovery_manager) JobProgress: {'identifier': 'recovery_manager', 'progress': 'cmake'}
[29.163815] (recovery_manager) Command: {'cmd': ['/home/u_ramesa2/micromamba/envs/ros_env_jazzy/bin/cmake', '/mnt/external/DIY/CameraModule/autonomous_rc/src/recovery_manager', '-DCMAKE_BUILD_TYPE=Release', '-DAMENT_CMAKE_SYMLINK_INSTALL=1', '-DCMAKE_INSTALL_PREFIX=/mnt/external/DIY/CameraModule/autonomous_rc/install/recovery_manager'], 'cwd': '/mnt/external/DIY/CameraModule/autonomous_rc/build/recovery_manager', 'env': OrderedDict({'CONDA_PROMPT_MODIFIER': '(ros_env_jazzy)', 'ROS_ETC_DIR': '/home/u_ramesa2/micromamba/envs/ros_env_jazzy/etc/ros', 'SHLVL': '0', 'LD_LIBRARY_PATH': '/mnt/external/DIY/CameraModule/autonomous_rc/install/safety_manager/lib', 'HOME': '/home/u_ramesa2', 'CONDA_SHLVL': '1', 'OLDPWD': '/mnt/external/DIY/CameraModule/autonomous_rc', 'ROS_PYTHON_VERSION': '3', 'GTK_MODULES': 'appmenu-gtk-module', 'LC_CTYPE': 'C.UTF-8', 'UBUNTU_MENUPROXY': '1', 'ROS_DISTRO': 'jazzy', '_': '/home/u_ramesa2/micromamba/envs/ros_env_jazzy/bin/colcon', 'ROS_VERSION': '2', 'ROS_OS_OVERRIDE': 'conda:linux', 'PATH': '/usr/local/cuda/bin:/home/u_ramesa2/micromamba/envs/ros_env_jazzy/bin:/home/u_ramesa2/micromamba/condabin:/home/u_ramesa2/.local/bin:/usr/local/sbin:/usr/local/bin:/usr/sbin:/usr/bin:/sbin:/bin:/snap/bin:/opt/puppetlabs/bin', 'MAMBA_ROOT_PREFIX': '/home/u_ramesa2/micromamba', 'XML_CATALOG_FILES': 'file:///home/u_ramesa2/micromamba/envs/ros_env_jazzy/etc/xml/catalog file:///etc/xml/catalog', 'GSETTINGS_SCHEMA_DIR': '/home/u_ramesa2/micromamba/envs/ros_env_jazzy/share/glib-2.0/schemas', 'AMENT_PREFIX_PATH': '/mnt/external/DIY/CameraModule/autonomous_rc/install/safety_manager:/home/u_ramesa2/micromamba/envs/ros_env_jazzy', 'CONDA_DEFAULT_ENV': 'ros_env_jazzy', 'ROS_AUTOMATIC_DISCOVERY_RANGE': 'SUBNET', 'PWD': '/mnt/external/DIY/CameraModule/autonomous_rc/build/recovery_manager', 'XDG_DATA_DIRS': '/usr/share/gnome:/home/u_ramesa2/.local/share/flatpak/exports/share:/var/lib/flatpak/exports/share:/usr/local/share:/usr/share:/var/lib/snapd/desktop', 'PYTHONPATH': '/mnt/external/DIY/CameraModule/autonomous_rc/install/safety_manager/lib/python3.12/site-packages:/home/u_ramesa2/micromamba/envs/ros_env_jazzy/lib/python/site-packages:/home/u_ramesa2/micromamba/envs/ros_env_jazzy/lib/python3.12/site-packages', 'CONDA_PREFIX': '/home/u_ramesa2/micromamba/envs/ros_env_jazzy', 'GSETTINGS_SCHEMA_DIR_CONDA_BACKUP': '', 'COLCON': '1', 'MANPATH': ':/opt/puppetlabs/puppet/share/man', 'CMAKE_PREFIX_PATH': '/mnt/external/DIY/CameraModule/autonomous_rc/install/safety_manager:/home/u_ramesa2/micromamba/envs/ros_env_jazzy'}), 'shell': False}
[29.175529] (-) TimerEvent: {}
[29.227809] (diagnostics) StdoutLine: {'line': b'-- The C compiler identification is GNU 15.3.0\n'}
[29.228030] (recovery_manager) StdoutLine: {'line': b'-- The C compiler identification is GNU 15.3.0\n'}
[29.229174] (controller) StdoutLine: {'line': b'-- The C compiler identification is GNU 15.3.0\n'}
[29.275667] (-) TimerEvent: {}
[29.336078] (diagnostics) StdoutLine: {'line': b'-- The CXX compiler identification is GNU 15.3.0\n'}
[29.336336] (recovery_manager) StdoutLine: {'line': b'-- The CXX compiler identification is GNU 15.3.0\n'}
[29.337782] (controller) StdoutLine: {'line': b'-- The CXX compiler identification is GNU 15.3.0\n'}
[29.346528] (diagnostics) StdoutLine: {'line': b'-- Detecting C compiler ABI info\n'}
[29.347669] (recovery_manager) StdoutLine: {'line': b'-- Detecting C compiler ABI info\n'}
[29.347914] (controller) StdoutLine: {'line': b'-- Detecting C compiler ABI info\n'}
[29.375775] (-) TimerEvent: {}
[29.435413] (recovery_manager) StdoutLine: {'line': b'-- Detecting C compiler ABI info - done\n'}
[29.435993] (controller) StdoutLine: {'line': b'-- Detecting C compiler ABI info - done\n'}
[29.437674] (diagnostics) StdoutLine: {'line': b'-- Detecting C compiler ABI info - done\n'}
[29.457271] (controller) StdoutLine: {'line': b'-- Check for working C compiler: /home/u_ramesa2/micromamba/envs/ros_env_jazzy/bin/cc - skipped\n'}
[29.457661] (controller) StdoutLine: {'line': b'-- Detecting C compile features\n'}
[29.458187] (controller) StdoutLine: {'line': b'-- Detecting C compile features - done\n'}
[29.459045] (recovery_manager) StdoutLine: {'line': b'-- Check for working C compiler: /home/u_ramesa2/micromamba/envs/ros_env_jazzy/bin/cc - skipped\n'}
[29.459591] (recovery_manager) StdoutLine: {'line': b'-- Detecting C compile features\n'}
[29.460071] (recovery_manager) StdoutLine: {'line': b'-- Detecting C compile features - done\n'}
[29.465249] (diagnostics) StdoutLine: {'line': b'-- Check for working C compiler: /home/u_ramesa2/micromamba/envs/ros_env_jazzy/bin/cc - skipped\n'}
[29.465762] (diagnostics) StdoutLine: {'line': b'-- Detecting C compile features\n'}
[29.466276] (diagnostics) StdoutLine: {'line': b'-- Detecting C compile features - done\n'}
[29.473587] (controller) StdoutLine: {'line': b'-- Detecting CXX compiler ABI info\n'}
[29.475340] (recovery_manager) StdoutLine: {'line': b'-- Detecting CXX compiler ABI info\n'}
[29.475845] (-) TimerEvent: {}
[29.480654] (diagnostics) StdoutLine: {'line': b'-- Detecting CXX compiler ABI info\n'}
[29.575968] (-) TimerEvent: {}
[29.614269] (controller) StdoutLine: {'line': b'-- Detecting CXX compiler ABI info - done\n'}
[29.617867] (recovery_manager) StdoutLine: {'line': b'-- Detecting CXX compiler ABI info - done\n'}
[29.637264] (diagnostics) StdoutLine: {'line': b'-- Detecting CXX compiler ABI info - done\n'}
[29.639735] (recovery_manager) StdoutLine: {'line': b'-- Check for working CXX compiler: /home/u_ramesa2/micromamba/envs/ros_env_jazzy/bin/c++ - skipped\n'}
[29.640120] (recovery_manager) StdoutLine: {'line': b'-- Detecting CXX compile features\n'}
[29.640807] (recovery_manager) StdoutLine: {'line': b'-- Detecting CXX compile features - done\n'}
[29.641851] (controller) StdoutLine: {'line': b'-- Check for working CXX compiler: /home/u_ramesa2/micromamba/envs/ros_env_jazzy/bin/c++ - skipped\n'}
[29.642488] (controller) StdoutLine: {'line': b'-- Detecting CXX compile features\n'}
[29.643424] (controller) StdoutLine: {'line': b'-- Detecting CXX compile features - done\n'}
[29.653606] (recovery_manager) StdoutLine: {'line': b'-- Found ament_cmake: 2.5.6 (/home/u_ramesa2/micromamba/envs/ros_env_jazzy/share/ament_cmake/cmake)\n'}
[29.656196] (controller) StdoutLine: {'line': b'-- Found ament_cmake: 2.5.6 (/home/u_ramesa2/micromamba/envs/ros_env_jazzy/share/ament_cmake/cmake)\n'}
[29.660945] (diagnostics) StdoutLine: {'line': b'-- Check for working CXX compiler: /home/u_ramesa2/micromamba/envs/ros_env_jazzy/bin/c++ - skipped\n'}
[29.661489] (diagnostics) StdoutLine: {'line': b'-- Detecting CXX compile features\n'}
[29.662291] (diagnostics) StdoutLine: {'line': b'-- Detecting CXX compile features - done\n'}
[29.675529] (diagnostics) StdoutLine: {'line': b'-- Found ament_cmake: 2.5.6 (/home/u_ramesa2/micromamba/envs/ros_env_jazzy/share/ament_cmake/cmake)\n'}
[29.676030] (-) TimerEvent: {}
[29.776171] (-) TimerEvent: {}
[29.835994] (controller) StdoutLine: {'line': b'-- Found Python3: /home/u_ramesa2/micromamba/envs/ros_env_jazzy/bin/python3 (found version "3.12.14") found components: Interpreter\n'}
[29.844668] (recovery_manager) StdoutLine: {'line': b'-- Found Python3: /home/u_ramesa2/micromamba/envs/ros_env_jazzy/bin/python3 (found version "3.12.14") found components: Interpreter\n'}
[29.844843] (diagnostics) StdoutLine: {'line': b'-- Found Python3: /home/u_ramesa2/micromamba/envs/ros_env_jazzy/bin/python3 (found version "3.12.14") found components: Interpreter\n'}
[29.876251] (-) TimerEvent: {}
[29.923085] (controller) StdoutLine: {'line': b'-- Override CMake install command with custom implementation using symlinks instead of copying resources\n'}
[29.931617] (diagnostics) StdoutLine: {'line': b'-- Override CMake install command with custom implementation using symlinks instead of copying resources\n'}
[29.938271] (recovery_manager) StdoutLine: {'line': b'-- Override CMake install command with custom implementation using symlinks instead of copying resources\n'}
[29.976357] (-) TimerEvent: {}
[29.981407] (controller) StdoutLine: {'line': b'-- Found rclcpp: 28.1.21 (/home/u_ramesa2/micromamba/envs/ros_env_jazzy/share/rclcpp/cmake)\n'}
[29.993560] (recovery_manager) StdoutLine: {'line': b'-- Found rclcpp: 28.1.21 (/home/u_ramesa2/micromamba/envs/ros_env_jazzy/share/rclcpp/cmake)\n'}
[29.993828] (diagnostics) StdoutLine: {'line': b'-- Found rclcpp: 28.1.21 (/home/u_ramesa2/micromamba/envs/ros_env_jazzy/share/rclcpp/cmake)\n'}
[30.042846] (controller) StdoutLine: {'line': b'-- Found rosidl_generator_c: 4.6.9 (/home/u_ramesa2/micromamba/envs/ros_env_jazzy/share/rosidl_generator_c/cmake)\n'}
[30.050675] (diagnostics) StdoutLine: {'line': b'-- Found rosidl_generator_c: 4.6.9 (/home/u_ramesa2/micromamba/envs/ros_env_jazzy/share/rosidl_generator_c/cmake)\n'}
[30.051317] (recovery_manager) StdoutLine: {'line': b'-- Found rosidl_generator_c: 4.6.9 (/home/u_ramesa2/micromamba/envs/ros_env_jazzy/share/rosidl_generator_c/cmake)\n'}
[30.063119] (controller) StdoutLine: {'line': b'-- Found rosidl_generator_cpp: 4.6.9 (/home/u_ramesa2/micromamba/envs/ros_env_jazzy/share/rosidl_generator_cpp/cmake)\n'}
[30.071459] (diagnostics) StdoutLine: {'line': b'-- Found rosidl_generator_cpp: 4.6.9 (/home/u_ramesa2/micromamba/envs/ros_env_jazzy/share/rosidl_generator_cpp/cmake)\n'}
[30.073220] (recovery_manager) StdoutLine: {'line': b'-- Found rosidl_generator_cpp: 4.6.9 (/home/u_ramesa2/micromamba/envs/ros_env_jazzy/share/rosidl_generator_cpp/cmake)\n'}
[30.076450] (-) TimerEvent: {}
[30.086672] (controller) StdoutLine: {'line': b'-- Using all available rosidl_typesupport_c: rosidl_typesupport_fastrtps_c;rosidl_typesupport_introspection_c\n'}
[30.095087] (diagnostics) StdoutLine: {'line': b'-- Using all available rosidl_typesupport_c: rosidl_typesupport_fastrtps_c;rosidl_typesupport_introspection_c\n'}
[30.100183] (recovery_manager) StdoutLine: {'line': b'-- Using all available rosidl_typesupport_c: rosidl_typesupport_fastrtps_c;rosidl_typesupport_introspection_c\n'}
[30.112365] (controller) StdoutLine: {'line': b'-- Using all available rosidl_typesupport_cpp: rosidl_typesupport_fastrtps_cpp;rosidl_typesupport_introspection_cpp\n'}
[30.120704] (diagnostics) StdoutLine: {'line': b'-- Using all available rosidl_typesupport_cpp: rosidl_typesupport_fastrtps_cpp;rosidl_typesupport_introspection_cpp\n'}
[30.125882] (recovery_manager) StdoutLine: {'line': b'-- Using all available rosidl_typesupport_cpp: rosidl_typesupport_fastrtps_cpp;rosidl_typesupport_introspection_cpp\n'}
[30.176697] (-) TimerEvent: {}
[30.224878] (controller) StdoutLine: {'line': b'-- Found rmw_implementation_cmake: 7.3.3 (/home/u_ramesa2/micromamba/envs/ros_env_jazzy/share/rmw_implementation_cmake/cmake)\n'}
[30.229386] (controller) StdoutLine: {'line': b'-- Found rmw_fastrtps_cpp: 8.4.4 (/home/u_ramesa2/micromamba/envs/ros_env_jazzy/share/rmw_fastrtps_cpp/cmake)\n'}
[30.231288] (diagnostics) StdoutLine: {'line': b'-- Found rmw_implementation_cmake: 7.3.3 (/home/u_ramesa2/micromamba/envs/ros_env_jazzy/share/rmw_implementation_cmake/cmake)\n'}
[30.233823] (recovery_manager) StdoutLine: {'line': b'-- Found rmw_implementation_cmake: 7.3.3 (/home/u_ramesa2/micromamba/envs/ros_env_jazzy/share/rmw_implementation_cmake/cmake)\n'}
[30.236028] (diagnostics) StdoutLine: {'line': b'-- Found rmw_fastrtps_cpp: 8.4.4 (/home/u_ramesa2/micromamba/envs/ros_env_jazzy/share/rmw_fastrtps_cpp/cmake)\n'}
[30.238417] (recovery_manager) StdoutLine: {'line': b'-- Found rmw_fastrtps_cpp: 8.4.4 (/home/u_ramesa2/micromamba/envs/ros_env_jazzy/share/rmw_fastrtps_cpp/cmake)\n'}
[30.276758] (-) TimerEvent: {}
[30.376936] (-) TimerEvent: {}
[30.391976] (sensor_fusion) StdoutLine: {'line': b'[100%] Linking CXX executable ekf_node\n'}
[30.477030] (-) TimerEvent: {}
[30.577225] (-) TimerEvent: {}
[30.628395] (sensor_fusion) StdoutLine: {'line': b'[100%] Built target ekf_node\n'}
[30.632669] (controller) StdoutLine: {'line': b'-- Found OpenSSL: /home/u_ramesa2/micromamba/envs/ros_env_jazzy/lib/libcrypto.so (found version "3.6.4")\n'}
[30.636485] (diagnostics) StdoutLine: {'line': b'-- Found OpenSSL: /home/u_ramesa2/micromamba/envs/ros_env_jazzy/lib/libcrypto.so (found version "3.6.4")\n'}
[30.636839] (recovery_manager) StdoutLine: {'line': b'-- Found OpenSSL: /home/u_ramesa2/micromamba/envs/ros_env_jazzy/lib/libcrypto.so (found version "3.6.4")\n'}
[30.638593] (sensor_fusion) CommandEnded: {'returncode': 0}
[30.639614] (sensor_fusion) JobProgress: {'identifier': 'sensor_fusion', 'progress': 'install'}
[30.639909] (sensor_fusion) Command: {'cmd': ['/home/u_ramesa2/micromamba/envs/ros_env_jazzy/bin/cmake', '--install', '/mnt/external/DIY/CameraModule/autonomous_rc/build/sensor_fusion'], 'cwd': '/mnt/external/DIY/CameraModule/autonomous_rc/build/sensor_fusion', 'env': OrderedDict({'CONDA_PROMPT_MODIFIER': '(ros_env_jazzy)', 'ROS_ETC_DIR': '/home/u_ramesa2/micromamba/envs/ros_env_jazzy/etc/ros', 'SHLVL': '0', 'HOME': '/home/u_ramesa2', 'CONDA_SHLVL': '1', 'OLDPWD': '/mnt/external/DIY/CameraModule/autonomous_rc', 'ROS_PYTHON_VERSION': '3', 'GTK_MODULES': 'appmenu-gtk-module', 'LC_CTYPE': 'C.UTF-8', 'UBUNTU_MENUPROXY': '1', 'ROS_DISTRO': 'jazzy', '_': '/home/u_ramesa2/micromamba/envs/ros_env_jazzy/bin/colcon', 'ROS_VERSION': '2', 'ROS_OS_OVERRIDE': 'conda:linux', 'PATH': '/usr/local/cuda/bin:/home/u_ramesa2/micromamba/envs/ros_env_jazzy/bin:/home/u_ramesa2/micromamba/condabin:/home/u_ramesa2/.local/bin:/usr/local/sbin:/usr/local/bin:/usr/sbin:/usr/bin:/sbin:/bin:/snap/bin:/opt/puppetlabs/bin', 'MAMBA_ROOT_PREFIX': '/home/u_ramesa2/micromamba', 'XML_CATALOG_FILES': 'file:///home/u_ramesa2/micromamba/envs/ros_env_jazzy/etc/xml/catalog file:///etc/xml/catalog', 'GSETTINGS_SCHEMA_DIR': '/home/u_ramesa2/micromamba/envs/ros_env_jazzy/share/glib-2.0/schemas', 'AMENT_PREFIX_PATH': '/home/u_ramesa2/micromamba/envs/ros_env_jazzy', 'CONDA_DEFAULT_ENV': 'ros_env_jazzy', 'ROS_AUTOMATIC_DISCOVERY_RANGE': 'SUBNET', 'PWD': '/mnt/external/DIY/CameraModule/autonomous_rc/build/sensor_fusion', 'XDG_DATA_DIRS': '/usr/share/gnome:/home/u_ramesa2/.local/share/flatpak/exports/share:/var/lib/flatpak/exports/share:/usr/local/share:/usr/share:/var/lib/snapd/desktop', 'PYTHONPATH': '/home/u_ramesa2/micromamba/envs/ros_env_jazzy/lib/python/site-packages:/home/u_ramesa2/micromamba/envs/ros_env_jazzy/lib/python3.12/site-packages', 'CONDA_PREFIX': '/home/u_ramesa2/micromamba/envs/ros_env_jazzy', 'GSETTINGS_SCHEMA_DIR_CONDA_BACKUP': '', 'COLCON': '1', 'MANPATH': ':/opt/puppetlabs/puppet/share/man', 'CMAKE_PREFIX_PATH': '/home/u_ramesa2/micromamba/envs/ros_env_jazzy'}), 'shell': False}
[30.648341] (sensor_fusion) StdoutLine: {'line': b'-- Install configuration: "Release"\n'}
[30.649068] (sensor_fusion) StdoutLine: {'line': b'-- Execute custom install script\n'}
[30.649556] (sensor_fusion) StdoutLine: {'line': b'-- Symlinking: /mnt/external/DIY/CameraModule/autonomous_rc/install/sensor_fusion/lib/sensor_fusion/ekf_node\n'}
[30.658684] (sensor_fusion) StdoutLine: {'line': b'-- Symlinking: /mnt/external/DIY/CameraModule/autonomous_rc/install/sensor_fusion/lib/libekf_core.a\n'}
[30.668553] (sensor_fusion) StdoutLine: {'line': b'-- Symlinking: /mnt/external/DIY/CameraModule/autonomous_rc/install/sensor_fusion/share/sensor_fusion/launch/sensor_fusion.launch.py\n'}
[30.672218] (controller) StdoutLine: {'line': b'-- Found FastRTPS: /home/u_ramesa2/micromamba/envs/ros_env_jazzy/include (Required is at least version "2.13")\n'}
[30.674908] (diagnostics) StdoutLine: {'line': b'-- Found FastRTPS: /home/u_ramesa2/micromamba/envs/ros_env_jazzy/include (Required is at least version "2.13")\n'}
[30.675339] (recovery_manager) StdoutLine: {'line': b'-- Found FastRTPS: /home/u_ramesa2/micromamba/envs/ros_env_jazzy/include (Required is at least version "2.13")\n'}
[30.677288] (-) TimerEvent: {}
[30.677775] (sensor_fusion) StdoutLine: {'line': b'-- Symlinking: /mnt/external/DIY/CameraModule/autonomous_rc/install/sensor_fusion/share/ament_index/resource_index/package_run_dependencies/sensor_fusion\n'}
[30.686922] (sensor_fusion) StdoutLine: {'line': b'-- Symlinking: /mnt/external/DIY/CameraModule/autonomous_rc/install/sensor_fusion/share/ament_index/resource_index/parent_prefix_path/sensor_fusion\n'}
[30.695734] (sensor_fusion) StdoutLine: {'line': b'-- Symlinking: /mnt/external/DIY/CameraModule/autonomous_rc/install/sensor_fusion/share/sensor_fusion/environment/ament_prefix_path.sh\n'}
[30.703759] (sensor_fusion) StdoutLine: {'line': b'-- Symlinking: /mnt/external/DIY/CameraModule/autonomous_rc/install/sensor_fusion/share/sensor_fusion/environment/ament_prefix_path.dsv\n'}
[30.711187] (sensor_fusion) StdoutLine: {'line': b'-- Symlinking: /mnt/external/DIY/CameraModule/autonomous_rc/install/sensor_fusion/share/sensor_fusion/environment/path.sh\n'}
[30.719519] (sensor_fusion) StdoutLine: {'line': b'-- Symlinking: /mnt/external/DIY/CameraModule/autonomous_rc/install/sensor_fusion/share/sensor_fusion/environment/path.dsv\n'}
[30.728576] (sensor_fusion) StdoutLine: {'line': b'-- Symlinking: /mnt/external/DIY/CameraModule/autonomous_rc/install/sensor_fusion/share/sensor_fusion/local_setup.bash\n'}
[30.732577] (controller) StdoutLine: {'line': b"-- Using RMW implementation 'rmw_fastrtps_cpp' as default\n"}
[30.733484] (recovery_manager) StdoutLine: {'line': b"-- Using RMW implementation 'rmw_fastrtps_cpp' as default\n"}
[30.734243] (diagnostics) StdoutLine: {'line': b"-- Using RMW implementation 'rmw_fastrtps_cpp' as default\n"}
[30.738898] (sensor_fusion) StdoutLine: {'line': b'-- Symlinking: /mnt/external/DIY/CameraModule/autonomous_rc/install/sensor_fusion/share/sensor_fusion/local_setup.sh\n'}
[30.747099] (sensor_fusion) StdoutLine: {'line': b'-- Symlinking: /mnt/external/DIY/CameraModule/autonomous_rc/install/sensor_fusion/share/sensor_fusion/local_setup.zsh\n'}
[30.754485] (sensor_fusion) StdoutLine: {'line': b'-- Symlinking: /mnt/external/DIY/CameraModule/autonomous_rc/install/sensor_fusion/share/sensor_fusion/local_setup.dsv\n'}
[30.763206] (sensor_fusion) StdoutLine: {'line': b'-- Symlinking: /mnt/external/DIY/CameraModule/autonomous_rc/install/sensor_fusion/share/sensor_fusion/package.dsv\n'}
[30.772774] (sensor_fusion) StdoutLine: {'line': b'-- Symlinking: /mnt/external/DIY/CameraModule/autonomous_rc/install/sensor_fusion/share/ament_index/resource_index/packages/sensor_fusion\n'}
[30.777395] (-) TimerEvent: {}
[30.781439] (sensor_fusion) StdoutLine: {'line': b'-- Symlinking: /mnt/external/DIY/CameraModule/autonomous_rc/install/sensor_fusion/share/sensor_fusion/cmake/sensor_fusionConfig.cmake\n'}
[30.789682] (sensor_fusion) StdoutLine: {'line': b'-- Symlinking: /mnt/external/DIY/CameraModule/autonomous_rc/install/sensor_fusion/share/sensor_fusion/cmake/sensor_fusionConfig-version.cmake\n'}
[30.797683] (sensor_fusion) StdoutLine: {'line': b'-- Symlinking: /mnt/external/DIY/CameraModule/autonomous_rc/install/sensor_fusion/share/sensor_fusion/package.xml\n'}
[30.807442] (sensor_fusion) CommandEnded: {'returncode': 0}
[30.824698] (sensor_fusion) JobEnded: {'identifier': 'sensor_fusion', 'rc': 0}
[30.844426] (recovery_manager) StdoutLine: {'line': b'-- Found nav_msgs: 5.3.8 (/home/u_ramesa2/micromamba/envs/ros_env_jazzy/share/nav_msgs/cmake)\n'}
[30.844795] (controller) StdoutLine: {'line': b'-- Found nav_msgs: 5.3.8 (/home/u_ramesa2/micromamba/envs/ros_env_jazzy/share/nav_msgs/cmake)\n'}
[30.848516] (diagnostics) StdoutLine: {'line': b'-- Found diagnostic_msgs: 5.3.8 (/home/u_ramesa2/micromamba/envs/ros_env_jazzy/share/diagnostic_msgs/cmake)\n'}
[30.877521] (-) TimerEvent: {}
[30.899644] (diagnostics) StdoutLine: {'line': b'-- Found nav_msgs: 5.3.8 (/home/u_ramesa2/micromamba/envs/ros_env_jazzy/share/nav_msgs/cmake)\n'}
[30.928609] (recovery_manager) StdoutLine: {'line': b'-- Found ackermann_msgs: 2.0.2 (/home/u_ramesa2/micromamba/envs/ros_env_jazzy/share/ackermann_msgs/cmake)\n'}
[30.930209] (controller) StdoutLine: {'line': b'-- Found ackermann_msgs: 2.0.2 (/home/u_ramesa2/micromamba/envs/ros_env_jazzy/share/ackermann_msgs/cmake)\n'}
[30.947989] (recovery_manager) StdoutLine: {'line': b'-- Found safety_manager: 1.0.0 (/mnt/external/DIY/CameraModule/autonomous_rc/install/safety_manager/share/safety_manager/cmake)\n'}
[30.952272] (controller) StdoutLine: {'line': b'-- Found safety_manager: 1.0.0 (/mnt/external/DIY/CameraModule/autonomous_rc/install/safety_manager/share/safety_manager/cmake)\n'}
[30.962242] (diagnostics) StdoutLine: {'line': b'-- Found ackermann_msgs: 2.0.2 (/home/u_ramesa2/micromamba/envs/ros_env_jazzy/share/ackermann_msgs/cmake)\n'}
[30.973486] (recovery_manager) StdoutLine: {'line': b'-- Found ament_lint_auto: 0.17.5 (/home/u_ramesa2/micromamba/envs/ros_env_jazzy/share/ament_lint_auto/cmake)\n'}
[30.977608] (-) TimerEvent: {}
[30.979624] (controller) StdoutLine: {'line': b'-- Found ament_lint_auto: 0.17.5 (/home/u_ramesa2/micromamba/envs/ros_env_jazzy/share/ament_lint_auto/cmake)\n'}
[30.982267] (diagnostics) StdoutLine: {'line': b'-- Found safety_manager: 1.0.0 (/mnt/external/DIY/CameraModule/autonomous_rc/install/safety_manager/share/safety_manager/cmake)\n'}
[31.008782] (diagnostics) StdoutLine: {'line': b'-- Found ament_lint_auto: 0.17.5 (/home/u_ramesa2/micromamba/envs/ros_env_jazzy/share/ament_lint_auto/cmake)\n'}
[31.077745] (-) TimerEvent: {}
[31.119126] (recovery_manager) StdoutLine: {'line': b"-- Added test 'copyright' to check source files copyright and LICENSE\n"}
[31.120766] (recovery_manager) StdoutLine: {'line': b"-- Added test 'cppcheck' to perform static code analysis on C / C++ code\n"}
[31.121021] (recovery_manager) StdoutLine: {'line': b'-- Configured cppcheck include dirs: /mnt/external/DIY/CameraModule/autonomous_rc/src/recovery_manager/include\n'}
[31.121165] (recovery_manager) StdoutLine: {'line': b'-- Configured cppcheck exclude dirs and/or files: \n'}
[31.122785] (recovery_manager) StdoutLine: {'line': b"-- Added test 'cpplint' to check C / C++ code against the Google style\n"}
[31.123043] (recovery_manager) StdoutLine: {'line': b'-- Configured cpplint exclude dirs and/or files: \n'}
[31.123615] (recovery_manager) StdoutLine: {'line': b"-- Added test 'flake8' to check Python code syntax and style conventions\n"}
[31.123842] (recovery_manager) StdoutLine: {'line': b"-- Configured 'flake8' exclude dirs and/or files: \n"}
[31.124467] (recovery_manager) StdoutLine: {'line': b"-- Added test 'lint_cmake' to check CMake code style\n"}
[31.125136] (recovery_manager) StdoutLine: {'line': b"-- Added test 'pep257' to check Python code against some of the docstring style conventions in PEP 257\n"}
[31.125883] (controller) StdoutLine: {'line': b"-- Added test 'copyright' to check source files copyright and LICENSE\n"}
[31.126368] (recovery_manager) StdoutLine: {'line': b"-- Added test 'uncrustify' to check C / C++ code style\n"}
[31.126535] (recovery_manager) StdoutLine: {'line': b'-- Configured uncrustify additional arguments: \n'}
[31.127039] (recovery_manager) StdoutLine: {'line': b"-- Added test 'xmllint' to check XML markup files\n"}
[31.127732] (controller) StdoutLine: {'line': b"-- Added test 'cppcheck' to perform static code analysis on C / C++ code\n"}
[31.127997] (controller) StdoutLine: {'line': b'-- Configured cppcheck include dirs: /mnt/external/DIY/CameraModule/autonomous_rc/src/controller/include\n'}
[31.128082] (controller) StdoutLine: {'line': b'-- Configured cppcheck exclude dirs and/or files: \n'}
[31.129051] (recovery_manager) StdoutLine: {'line': b'-- Configuring done (2.0s)\n'}
[31.129749] (controller) StdoutLine: {'line': b"-- Added test 'cpplint' to check C / C++ code against the Google style\n"}
[31.129955] (controller) StdoutLine: {'line': b'-- Configured cpplint exclude dirs and/or files: \n'}
[31.130539] (controller) StdoutLine: {'line': b"-- Added test 'flake8' to check Python code syntax and style conventions\n"}
[31.130669] (controller) StdoutLine: {'line': b"-- Configured 'flake8' exclude dirs and/or files: \n"}
[31.131348] (controller) StdoutLine: {'line': b"-- Added test 'lint_cmake' to check CMake code style\n"}
[31.132079] (controller) StdoutLine: {'line': b"-- Added test 'pep257' to check Python code against some of the docstring style conventions in PEP 257\n"}
[31.133771] (controller) StdoutLine: {'line': b"-- Added test 'uncrustify' to check C / C++ code style\n"}
[31.133905] (controller) StdoutLine: {'line': b'-- Configured uncrustify additional arguments: \n'}
[31.134549] (controller) StdoutLine: {'line': b"-- Added test 'xmllint' to check XML markup files\n"}
[31.136977] (controller) StdoutLine: {'line': b'-- Configuring done (2.0s)\n'}
[31.156717] (recovery_manager) StdoutLine: {'line': b'-- Generating done (0.0s)\n'}
[31.157319] (diagnostics) StdoutLine: {'line': b"-- Added test 'copyright' to check source files copyright and LICENSE\n"}
[31.159299] (diagnostics) StdoutLine: {'line': b"-- Added test 'cppcheck' to perform static code analysis on C / C++ code\n"}
[31.159643] (diagnostics) StdoutLine: {'line': b'-- Configured cppcheck include dirs: /mnt/external/DIY/CameraModule/autonomous_rc/src/diagnostics/include\n'}
[31.159708] (diagnostics) StdoutLine: {'line': b'-- Configured cppcheck exclude dirs and/or files: \n'}
[31.161445] (diagnostics) StdoutLine: {'line': b"-- Added test 'cpplint' to check C / C++ code against the Google style\n"}
[31.161602] (diagnostics) StdoutLine: {'line': b'-- Configured cpplint exclude dirs and/or files: \n'}
[31.162281] (diagnostics) StdoutLine: {'line': b"-- Added test 'flake8' to check Python code syntax and style conventions\n"}
[31.162418] (diagnostics) StdoutLine: {'line': b"-- Configured 'flake8' exclude dirs and/or files: \n"}
[31.163091] (diagnostics) StdoutLine: {'line': b"-- Added test 'lint_cmake' to check CMake code style\n"}
[31.163964] (diagnostics) StdoutLine: {'line': b"-- Added test 'pep257' to check Python code against some of the docstring style conventions in PEP 257\n"}
[31.165617] (diagnostics) StdoutLine: {'line': b"-- Added test 'uncrustify' to check C / C++ code style\n"}
[31.165778] (diagnostics) StdoutLine: {'line': b'-- Configured uncrustify additional arguments: \n'}
[31.166405] (diagnostics) StdoutLine: {'line': b"-- Added test 'xmllint' to check XML markup files\n"}
[31.167586] (controller) StdoutLine: {'line': b'-- Generating done (0.0s)\n'}
[31.168656] (diagnostics) StdoutLine: {'line': b'-- Configuring done (2.0s)\n'}
[31.177829] (-) TimerEvent: {}
[31.197607] (diagnostics) StdoutLine: {'line': b'-- Generating done (0.0s)\n'}
[31.214285] (recovery_manager) StdoutLine: {'line': b'-- Build files have been written to: /mnt/external/DIY/CameraModule/autonomous_rc/build/recovery_manager\n'}
[31.223505] (controller) StdoutLine: {'line': b'-- Build files have been written to: /mnt/external/DIY/CameraModule/autonomous_rc/build/controller\n'}
[31.224207] (recovery_manager) CommandEnded: {'returncode': 0}
[31.224724] (recovery_manager) JobProgress: {'identifier': 'recovery_manager', 'progress': 'build'}
[31.225026] (recovery_manager) Command: {'cmd': ['/home/u_ramesa2/micromamba/envs/ros_env_jazzy/bin/cmake', '--build', '/mnt/external/DIY/CameraModule/autonomous_rc/build/recovery_manager', '--', '-j20', '-l20'], 'cwd': '/mnt/external/DIY/CameraModule/autonomous_rc/build/recovery_manager', 'env': OrderedDict({'CONDA_PROMPT_MODIFIER': '(ros_env_jazzy)', 'ROS_ETC_DIR': '/home/u_ramesa2/micromamba/envs/ros_env_jazzy/etc/ros', 'SHLVL': '0', 'LD_LIBRARY_PATH': '/mnt/external/DIY/CameraModule/autonomous_rc/install/safety_manager/lib', 'HOME': '/home/u_ramesa2', 'CONDA_SHLVL': '1', 'OLDPWD': '/mnt/external/DIY/CameraModule/autonomous_rc', 'ROS_PYTHON_VERSION': '3', 'GTK_MODULES': 'appmenu-gtk-module', 'LC_CTYPE': 'C.UTF-8', 'UBUNTU_MENUPROXY': '1', 'ROS_DISTRO': 'jazzy', '_': '/home/u_ramesa2/micromamba/envs/ros_env_jazzy/bin/colcon', 'ROS_VERSION': '2', 'ROS_OS_OVERRIDE': 'conda:linux', 'PATH': '/usr/local/cuda/bin:/home/u_ramesa2/micromamba/envs/ros_env_jazzy/bin:/home/u_ramesa2/micromamba/condabin:/home/u_ramesa2/.local/bin:/usr/local/sbin:/usr/local/bin:/usr/sbin:/usr/bin:/sbin:/bin:/snap/bin:/opt/puppetlabs/bin', 'MAMBA_ROOT_PREFIX': '/home/u_ramesa2/micromamba', 'XML_CATALOG_FILES': 'file:///home/u_ramesa2/micromamba/envs/ros_env_jazzy/etc/xml/catalog file:///etc/xml/catalog', 'GSETTINGS_SCHEMA_DIR': '/home/u_ramesa2/micromamba/envs/ros_env_jazzy/share/glib-2.0/schemas', 'AMENT_PREFIX_PATH': '/mnt/external/DIY/CameraModule/autonomous_rc/install/safety_manager:/home/u_ramesa2/micromamba/envs/ros_env_jazzy', 'CONDA_DEFAULT_ENV': 'ros_env_jazzy', 'ROS_AUTOMATIC_DISCOVERY_RANGE': 'SUBNET', 'PWD': '/mnt/external/DIY/CameraModule/autonomous_rc/build/recovery_manager', 'XDG_DATA_DIRS': '/usr/share/gnome:/home/u_ramesa2/.local/share/flatpak/exports/share:/var/lib/flatpak/exports/share:/usr/local/share:/usr/share:/var/lib/snapd/desktop', 'PYTHONPATH': '/mnt/external/DIY/CameraModule/autonomous_rc/install/safety_manager/lib/python3.12/site-packages:/home/u_ramesa2/micromamba/envs/ros_env_jazzy/lib/python/site-packages:/home/u_ramesa2/micromamba/envs/ros_env_jazzy/lib/python3.12/site-packages', 'CONDA_PREFIX': '/home/u_ramesa2/micromamba/envs/ros_env_jazzy', 'GSETTINGS_SCHEMA_DIR_CONDA_BACKUP': '', 'COLCON': '1', 'MANPATH': ':/opt/puppetlabs/puppet/share/man', 'CMAKE_PREFIX_PATH': '/mnt/external/DIY/CameraModule/autonomous_rc/install/safety_manager:/home/u_ramesa2/micromamba/envs/ros_env_jazzy'}), 'shell': False}
[31.234362] (controller) CommandEnded: {'returncode': 0}
[31.234828] (controller) JobProgress: {'identifier': 'controller', 'progress': 'build'}
[31.235234] (controller) Command: {'cmd': ['/home/u_ramesa2/micromamba/envs/ros_env_jazzy/bin/cmake', '--build', '/mnt/external/DIY/CameraModule/autonomous_rc/build/controller', '--', '-j20', '-l20'], 'cwd': '/mnt/external/DIY/CameraModule/autonomous_rc/build/controller', 'env': OrderedDict({'CONDA_PROMPT_MODIFIER': '(ros_env_jazzy)', 'ROS_ETC_DIR': '/home/u_ramesa2/micromamba/envs/ros_env_jazzy/etc/ros', 'SHLVL': '0', 'LD_LIBRARY_PATH': '/mnt/external/DIY/CameraModule/autonomous_rc/install/safety_manager/lib', 'HOME': '/home/u_ramesa2', 'CONDA_SHLVL': '1', 'OLDPWD': '/mnt/external/DIY/CameraModule/autonomous_rc', 'ROS_PYTHON_VERSION': '3', 'GTK_MODULES': 'appmenu-gtk-module', 'LC_CTYPE': 'C.UTF-8', 'UBUNTU_MENUPROXY': '1', 'ROS_DISTRO': 'jazzy', '_': '/home/u_ramesa2/micromamba/envs/ros_env_jazzy/bin/colcon', 'ROS_VERSION': '2', 'ROS_OS_OVERRIDE': 'conda:linux', 'PATH': '/usr/local/cuda/bin:/home/u_ramesa2/micromamba/envs/ros_env_jazzy/bin:/home/u_ramesa2/micromamba/condabin:/home/u_ramesa2/.local/bin:/usr/local/sbin:/usr/local/bin:/usr/sbin:/usr/bin:/sbin:/bin:/snap/bin:/opt/puppetlabs/bin', 'MAMBA_ROOT_PREFIX': '/home/u_ramesa2/micromamba', 'XML_CATALOG_FILES': 'file:///home/u_ramesa2/micromamba/envs/ros_env_jazzy/etc/xml/catalog file:///etc/xml/catalog', 'GSETTINGS_SCHEMA_DIR': '/home/u_ramesa2/micromamba/envs/ros_env_jazzy/share/glib-2.0/schemas', 'AMENT_PREFIX_PATH': '/mnt/external/DIY/CameraModule/autonomous_rc/install/safety_manager:/home/u_ramesa2/micromamba/envs/ros_env_jazzy', 'CONDA_DEFAULT_ENV': 'ros_env_jazzy', 'ROS_AUTOMATIC_DISCOVERY_RANGE': 'SUBNET', 'PWD': '/mnt/external/DIY/CameraModule/autonomous_rc/build/controller', 'XDG_DATA_DIRS': '/usr/share/gnome:/home/u_ramesa2/.local/share/flatpak/exports/share:/var/lib/flatpak/exports/share:/usr/local/share:/usr/share:/var/lib/snapd/desktop', 'PYTHONPATH': '/mnt/external/DIY/CameraModule/autonomous_rc/install/safety_manager/lib/python3.12/site-packages:/home/u_ramesa2/micromamba/envs/ros_env_jazzy/lib/python/site-packages:/home/u_ramesa2/micromamba/envs/ros_env_jazzy/lib/python3.12/site-packages', 'CONDA_PREFIX': '/home/u_ramesa2/micromamba/envs/ros_env_jazzy', 'GSETTINGS_SCHEMA_DIR_CONDA_BACKUP': '', 'COLCON': '1', 'MANPATH': ':/opt/puppetlabs/puppet/share/man', 'CMAKE_PREFIX_PATH': '/mnt/external/DIY/CameraModule/autonomous_rc/install/safety_manager:/home/u_ramesa2/micromamba/envs/ros_env_jazzy'}), 'shell': False}
[31.249852] (diagnostics) StdoutLine: {'line': b'-- Build files have been written to: /mnt/external/DIY/CameraModule/autonomous_rc/build/diagnostics\n'}
[31.260972] (diagnostics) CommandEnded: {'returncode': 0}
[31.261601] (diagnostics) JobProgress: {'identifier': 'diagnostics', 'progress': 'build'}
[31.261939] (diagnostics) Command: {'cmd': ['/home/u_ramesa2/micromamba/envs/ros_env_jazzy/bin/cmake', '--build', '/mnt/external/DIY/CameraModule/autonomous_rc/build/diagnostics', '--', '-j20', '-l20'], 'cwd': '/mnt/external/DIY/CameraModule/autonomous_rc/build/diagnostics', 'env': OrderedDict({'CONDA_PROMPT_MODIFIER': '(ros_env_jazzy)', 'ROS_ETC_DIR': '/home/u_ramesa2/micromamba/envs/ros_env_jazzy/etc/ros', 'SHLVL': '0', 'LD_LIBRARY_PATH': '/mnt/external/DIY/CameraModule/autonomous_rc/install/safety_manager/lib', 'HOME': '/home/u_ramesa2', 'CONDA_SHLVL': '1', 'OLDPWD': '/mnt/external/DIY/CameraModule/autonomous_rc', 'ROS_PYTHON_VERSION': '3', 'GTK_MODULES': 'appmenu-gtk-module', 'LC_CTYPE': 'C.UTF-8', 'UBUNTU_MENUPROXY': '1', 'ROS_DISTRO': 'jazzy', '_': '/home/u_ramesa2/micromamba/envs/ros_env_jazzy/bin/colcon', 'ROS_VERSION': '2', 'ROS_OS_OVERRIDE': 'conda:linux', 'PATH': '/usr/local/cuda/bin:/home/u_ramesa2/micromamba/envs/ros_env_jazzy/bin:/home/u_ramesa2/micromamba/condabin:/home/u_ramesa2/.local/bin:/usr/local/sbin:/usr/local/bin:/usr/sbin:/usr/bin:/sbin:/bin:/snap/bin:/opt/puppetlabs/bin', 'MAMBA_ROOT_PREFIX': '/home/u_ramesa2/micromamba', 'XML_CATALOG_FILES': 'file:///home/u_ramesa2/micromamba/envs/ros_env_jazzy/etc/xml/catalog file:///etc/xml/catalog', 'GSETTINGS_SCHEMA_DIR': '/home/u_ramesa2/micromamba/envs/ros_env_jazzy/share/glib-2.0/schemas', 'AMENT_PREFIX_PATH': '/mnt/external/DIY/CameraModule/autonomous_rc/install/safety_manager:/home/u_ramesa2/micromamba/envs/ros_env_jazzy', 'CONDA_DEFAULT_ENV': 'ros_env_jazzy', 'ROS_AUTOMATIC_DISCOVERY_RANGE': 'SUBNET', 'PWD': '/mnt/external/DIY/CameraModule/autonomous_rc/build/diagnostics', 'XDG_DATA_DIRS': '/usr/share/gnome:/home/u_ramesa2/.local/share/flatpak/exports/share:/var/lib/flatpak/exports/share:/usr/local/share:/usr/share:/var/lib/snapd/desktop', 'PYTHONPATH': '/mnt/external/DIY/CameraModule/autonomous_rc/install/safety_manager/lib/python3.12/site-packages:/home/u_ramesa2/micromamba/envs/ros_env_jazzy/lib/python/site-packages:/home/u_ramesa2/micromamba/envs/ros_env_jazzy/lib/python3.12/site-packages', 'CONDA_PREFIX': '/home/u_ramesa2/micromamba/envs/ros_env_jazzy', 'GSETTINGS_SCHEMA_DIR_CONDA_BACKUP': '', 'COLCON': '1', 'MANPATH': ':/opt/puppetlabs/puppet/share/man', 'CMAKE_PREFIX_PATH': '/mnt/external/DIY/CameraModule/autonomous_rc/install/safety_manager:/home/u_ramesa2/micromamba/envs/ros_env_jazzy'}), 'shell': False}
[31.275223] (recovery_manager) StdoutLine: {'line': b'[ 20%] Building CXX object CMakeFiles/dwa_planner.dir/src/dwa_planner.cpp.o\n'}
[31.277909] (-) TimerEvent: {}
[31.284683] (controller) StdoutLine: {'line': b'[ 14%] Building CXX object CMakeFiles/steering_controllers.dir/src/pure_pursuit_controller.cpp.o\n'}
[31.285037] (controller) StdoutLine: {'line': b'[ 28%] Building CXX object CMakeFiles/steering_controllers.dir/src/stanley_controller.cpp.o\n'}
[31.285311] (controller) StdoutLine: {'line': b'[ 42%] Building CXX object CMakeFiles/steering_controllers.dir/src/mpc_controller.cpp.o\n'}
[31.313728] (diagnostics) StdoutLine: {'line': b'[ 20%] Building CXX object CMakeFiles/gpu_cpu_monitor.dir/src/gpu_cpu_monitor.cpp.o\n'}
[31.378012] (-) TimerEvent: {}
[31.478193] (-) TimerEvent: {}
[31.578398] (-) TimerEvent: {}
[31.674696] (recovery_manager) StdoutLine: {'line': b'[ 40%] Linking CXX static library libdwa_planner.a\n'}
[31.678486] (-) TimerEvent: {}
[31.707615] (recovery_manager) StdoutLine: {'line': b'[ 40%] Built target dwa_planner\n'}
[31.728168] (recovery_manager) StdoutLine: {'line': b'[ 60%] Building CXX object CMakeFiles/recovery_manager_node.dir/src/main.cpp.o\n'}
[31.729479] (recovery_manager) StdoutLine: {'line': b'[ 80%] Building CXX object CMakeFiles/recovery_manager_node.dir/src/recovery_manager_node.cpp.o\n'}
[31.758681] (controller) StdoutLine: {'line': b'[ 57%] Linking CXX static library libsteering_controllers.a\n'}
[31.778596] (-) TimerEvent: {}
[31.793332] (controller) StdoutLine: {'line': b'[ 57%] Built target steering_controllers\n'}
[31.814932] (controller) StdoutLine: {'line': b'[ 71%] Building CXX object CMakeFiles/pure_pursuit_node.dir/src/pure_pursuit_node.cpp.o\n'}
[31.815298] (controller) StdoutLine: {'line': b'[ 85%] Building CXX object CMakeFiles/pure_pursuit_node.dir/src/main.cpp.o\n'}
[31.878706] (-) TimerEvent: {}
[31.978898] (-) TimerEvent: {}
[32.079092] (-) TimerEvent: {}
[32.179304] (-) TimerEvent: {}
[32.279503] (-) TimerEvent: {}
[32.379706] (-) TimerEvent: {}
[32.479928] (-) TimerEvent: {}
[32.580143] (-) TimerEvent: {}
[32.680342] (-) TimerEvent: {}
[32.780543] (-) TimerEvent: {}
[32.880741] (-) TimerEvent: {}
[32.980953] (-) TimerEvent: {}
[33.081205] (-) TimerEvent: {}
[33.181422] (-) TimerEvent: {}
[33.281637] (-) TimerEvent: {}
[33.381823] (-) TimerEvent: {}
[33.482056] (-) TimerEvent: {}
[33.582287] (-) TimerEvent: {}
[33.682526] (-) TimerEvent: {}
[33.782736] (-) TimerEvent: {}
[33.882939] (-) TimerEvent: {}
[33.983228] (-) TimerEvent: {}
[34.083434] (-) TimerEvent: {}
[34.183672] (-) TimerEvent: {}
[34.283879] (-) TimerEvent: {}
[34.384092] (-) TimerEvent: {}
[34.484306] (-) TimerEvent: {}
[34.584501] (-) TimerEvent: {}
[34.684730] (-) TimerEvent: {}
[34.771518] (obstacle_detection) StdoutLine: {'line': b'[100%] Linking CXX executable obstacle_avoidance_node\n'}
[34.784838] (-) TimerEvent: {}
[34.885039] (-) TimerEvent: {}
[34.985259] (-) TimerEvent: {}
[35.085468] (-) TimerEvent: {}
[35.185693] (-) TimerEvent: {}
[35.285926] (-) TimerEvent: {}
[35.386164] (-) TimerEvent: {}
[35.486365] (-) TimerEvent: {}
[35.499750] (obstacle_detection) StdoutLine: {'line': b'[100%] Built target obstacle_avoidance_node\n'}
[35.509962] (obstacle_detection) CommandEnded: {'returncode': 0}
[35.511469] (obstacle_detection) JobProgress: {'identifier': 'obstacle_detection', 'progress': 'install'}
[35.511858] (obstacle_detection) Command: {'cmd': ['/home/u_ramesa2/micromamba/envs/ros_env_jazzy/bin/cmake', '--install', '/mnt/external/DIY/CameraModule/autonomous_rc/build/obstacle_detection'], 'cwd': '/mnt/external/DIY/CameraModule/autonomous_rc/build/obstacle_detection', 'env': OrderedDict({'CONDA_PROMPT_MODIFIER': '(ros_env_jazzy)', 'ROS_ETC_DIR': '/home/u_ramesa2/micromamba/envs/ros_env_jazzy/etc/ros', 'SHLVL': '0', 'HOME': '/home/u_ramesa2', 'CONDA_SHLVL': '1', 'OLDPWD': '/mnt/external/DIY/CameraModule/autonomous_rc', 'ROS_PYTHON_VERSION': '3', 'GTK_MODULES': 'appmenu-gtk-module', 'LC_CTYPE': 'C.UTF-8', 'UBUNTU_MENUPROXY': '1', 'ROS_DISTRO': 'jazzy', '_': '/home/u_ramesa2/micromamba/envs/ros_env_jazzy/bin/colcon', 'ROS_VERSION': '2', 'ROS_OS_OVERRIDE': 'conda:linux', 'PATH': '/usr/local/cuda/bin:/home/u_ramesa2/micromamba/envs/ros_env_jazzy/bin:/home/u_ramesa2/micromamba/condabin:/home/u_ramesa2/.local/bin:/usr/local/sbin:/usr/local/bin:/usr/sbin:/usr/bin:/sbin:/bin:/snap/bin:/opt/puppetlabs/bin', 'MAMBA_ROOT_PREFIX': '/home/u_ramesa2/micromamba', 'XML_CATALOG_FILES': 'file:///home/u_ramesa2/micromamba/envs/ros_env_jazzy/etc/xml/catalog file:///etc/xml/catalog', 'GSETTINGS_SCHEMA_DIR': '/home/u_ramesa2/micromamba/envs/ros_env_jazzy/share/glib-2.0/schemas', 'AMENT_PREFIX_PATH': '/home/u_ramesa2/micromamba/envs/ros_env_jazzy', 'CONDA_DEFAULT_ENV': 'ros_env_jazzy', 'ROS_AUTOMATIC_DISCOVERY_RANGE': 'SUBNET', 'PWD': '/mnt/external/DIY/CameraModule/autonomous_rc/build/obstacle_detection', 'XDG_DATA_DIRS': '/usr/share/gnome:/home/u_ramesa2/.local/share/flatpak/exports/share:/var/lib/flatpak/exports/share:/usr/local/share:/usr/share:/var/lib/snapd/desktop', 'PYTHONPATH': '/home/u_ramesa2/micromamba/envs/ros_env_jazzy/lib/python/site-packages:/home/u_ramesa2/micromamba/envs/ros_env_jazzy/lib/python3.12/site-packages', 'CONDA_PREFIX': '/home/u_ramesa2/micromamba/envs/ros_env_jazzy', 'GSETTINGS_SCHEMA_DIR_CONDA_BACKUP': '', 'COLCON': '1', 'MANPATH': ':/opt/puppetlabs/puppet/share/man', 'CMAKE_PREFIX_PATH': '/home/u_ramesa2/micromamba/envs/ros_env_jazzy'}), 'shell': False}
[35.520588] (obstacle_detection) StdoutLine: {'line': b'-- Install configuration: "Release"\n'}
[35.521143] (obstacle_detection) StdoutLine: {'line': b'-- Execute custom install script\n'}
[35.521694] (obstacle_detection) StdoutLine: {'line': b'-- Symlinking: /mnt/external/DIY/CameraModule/autonomous_rc/install/obstacle_detection/lib/obstacle_detection/obstacle_avoidance_node\n'}
[35.530317] (obstacle_detection) StdoutLine: {'line': b'-- Symlinking: /mnt/external/DIY/CameraModule/autonomous_rc/install/obstacle_detection/lib/libvfh_planner.a\n'}
[35.540329] (obstacle_detection) StdoutLine: {'line': b'-- Symlinking: /mnt/external/DIY/CameraModule/autonomous_rc/install/obstacle_detection/share/obstacle_detection/launch/obstacle_detection.launch.py\n'}
[35.548872] (obstacle_detection) StdoutLine: {'line': b'-- Symlinking: /mnt/external/DIY/CameraModule/autonomous_rc/install/obstacle_detection/share/ament_index/resource_index/package_run_dependencies/obstacle_detection\n'}
[35.557343] (obstacle_detection) StdoutLine: {'line': b'-- Symlinking: /mnt/external/DIY/CameraModule/autonomous_rc/install/obstacle_detection/share/ament_index/resource_index/parent_prefix_path/obstacle_detection\n'}
[35.566732] (obstacle_detection) StdoutLine: {'line': b'-- Symlinking: /mnt/external/DIY/CameraModule/autonomous_rc/install/obstacle_detection/share/obstacle_detection/environment/ament_prefix_path.sh\n'}
[35.570742] (diagnostics) StdoutLine: {'line': b'[ 40%] Linking CXX static library libgpu_cpu_monitor.a\n'}
[35.573953] (obstacle_detection) StdoutLine: {'line': b'-- Symlinking: /mnt/external/DIY/CameraModule/autonomous_rc/install/obstacle_detection/share/obstacle_detection/environment/ament_prefix_path.dsv\n'}
[35.582704] (obstacle_detection) StdoutLine: {'line': b'-- Symlinking: /mnt/external/DIY/CameraModule/autonomous_rc/install/obstacle_detection/share/obstacle_detection/environment/path.sh\n'}
[35.586452] (-) TimerEvent: {}
[35.592111] (obstacle_detection) StdoutLine: {'line': b'-- Symlinking: /mnt/external/DIY/CameraModule/autonomous_rc/install/obstacle_detection/share/obstacle_detection/environment/path.dsv\n'}
[35.602361] (obstacle_detection) StdoutLine: {'line': b'-- Symlinking: /mnt/external/DIY/CameraModule/autonomous_rc/install/obstacle_detection/share/obstacle_detection/local_setup.bash\n'}
[35.605416] (diagnostics) StdoutLine: {'line': b'[ 40%] Built target gpu_cpu_monitor\n'}
[35.610081] (obstacle_detection) StdoutLine: {'line': b'-- Symlinking: /mnt/external/DIY/CameraModule/autonomous_rc/install/obstacle_detection/share/obstacle_detection/local_setup.sh\n'}
[35.618303] (obstacle_detection) StdoutLine: {'line': b'-- Symlinking: /mnt/external/DIY/CameraModule/autonomous_rc/install/obstacle_detection/share/obstacle_detection/local_setup.zsh\n'}
[35.625389] (diagnostics) StdoutLine: {'line': b'[ 60%] Building CXX object CMakeFiles/system_health_node.dir/src/main.cpp.o\n'}
[35.626619] (obstacle_detection) StdoutLine: {'line': b'-- Symlinking: /mnt/external/DIY/CameraModule/autonomous_rc/install/obstacle_detection/share/obstacle_detection/local_setup.dsv\n'}
[35.626960] (diagnostics) StdoutLine: {'line': b'[ 80%] Building CXX object CMakeFiles/system_health_node.dir/src/system_health_node.cpp.o\n'}
[35.634679] (obstacle_detection) StdoutLine: {'line': b'-- Symlinking: /mnt/external/DIY/CameraModule/autonomous_rc/install/obstacle_detection/share/obstacle_detection/package.dsv\n'}
[35.643550] (obstacle_detection) StdoutLine: {'line': b'-- Symlinking: /mnt/external/DIY/CameraModule/autonomous_rc/install/obstacle_detection/share/ament_index/resource_index/packages/obstacle_detection\n'}
[35.652889] (obstacle_detection) StdoutLine: {'line': b'-- Symlinking: /mnt/external/DIY/CameraModule/autonomous_rc/install/obstacle_detection/share/obstacle_detection/cmake/obstacle_detectionConfig.cmake\n'}
[35.661019] (obstacle_detection) StdoutLine: {'line': b'-- Symlinking: /mnt/external/DIY/CameraModule/autonomous_rc/install/obstacle_detection/share/obstacle_detection/cmake/obstacle_detectionConfig-version.cmake\n'}
[35.670719] (obstacle_detection) StdoutLine: {'line': b'-- Symlinking: /mnt/external/DIY/CameraModule/autonomous_rc/install/obstacle_detection/share/obstacle_detection/package.xml\n'}
[35.680202] (obstacle_detection) CommandEnded: {'returncode': 0}
[35.686604] (-) TimerEvent: {}
[35.697722] (obstacle_detection) JobEnded: {'identifier': 'obstacle_detection', 'rc': 0}
[35.786727] (-) TimerEvent: {}
[35.886977] (-) TimerEvent: {}
[35.987169] (-) TimerEvent: {}
[36.087374] (-) TimerEvent: {}
[36.187616] (-) TimerEvent: {}
[36.287809] (-) TimerEvent: {}
[36.387973] (-) TimerEvent: {}
[36.488167] (-) TimerEvent: {}
[36.588335] (-) TimerEvent: {}
[36.688518] (-) TimerEvent: {}
[36.788706] (-) TimerEvent: {}
[36.888898] (-) TimerEvent: {}
[36.989157] (-) TimerEvent: {}
[37.089350] (-) TimerEvent: {}
[37.189542] (-) TimerEvent: {}
[37.289753] (-) TimerEvent: {}
[37.389920] (-) TimerEvent: {}
[37.490127] (-) TimerEvent: {}
[37.590309] (-) TimerEvent: {}
[37.690518] (-) TimerEvent: {}
[37.790706] (-) TimerEvent: {}
[37.890891] (-) TimerEvent: {}
[37.991091] (-) TimerEvent: {}
[38.091302] (-) TimerEvent: {}
[38.191498] (-) TimerEvent: {}
[38.291706] (-) TimerEvent: {}
[38.391895] (-) TimerEvent: {}
[38.492119] (-) TimerEvent: {}
[38.592308] (-) TimerEvent: {}
[38.692506] (-) TimerEvent: {}
[38.792712] (-) TimerEvent: {}
[38.892906] (-) TimerEvent: {}
[38.993119] (-) TimerEvent: {}
[39.093320] (-) TimerEvent: {}
[39.193528] (-) TimerEvent: {}
[39.293730] (-) TimerEvent: {}
[39.393994] (-) TimerEvent: {}
[39.494235] (-) TimerEvent: {}
[39.594418] (-) TimerEvent: {}
[39.694630] (-) TimerEvent: {}
[39.794815] (-) TimerEvent: {}
[39.895021] (-) TimerEvent: {}
[39.995185] (-) TimerEvent: {}
[40.095353] (-) TimerEvent: {}
[40.195526] (-) TimerEvent: {}
[40.295688] (-) TimerEvent: {}
[40.395864] (-) TimerEvent: {}
[40.496038] (-) TimerEvent: {}
[40.596192] (-) TimerEvent: {}
[40.696369] (-) TimerEvent: {}
[40.796560] (-) TimerEvent: {}
[40.896817] (-) TimerEvent: {}
[40.997007] (-) TimerEvent: {}
[41.097182] (-) TimerEvent: {}
[41.197431] (-) TimerEvent: {}
[41.297625] (-) TimerEvent: {}
[41.397812] (-) TimerEvent: {}
[41.498002] (-) TimerEvent: {}
[41.598188] (-) TimerEvent: {}
[41.698376] (-) TimerEvent: {}
[41.798571] (-) TimerEvent: {}
[41.898772] (-) TimerEvent: {}
[41.998965] (-) TimerEvent: {}
[42.099178] (-) TimerEvent: {}
[42.199424] (-) TimerEvent: {}
[42.299656] (-) TimerEvent: {}
[42.399893] (-) TimerEvent: {}
[42.500142] (-) TimerEvent: {}
[42.600348] (-) TimerEvent: {}
[42.700553] (-) TimerEvent: {}
[42.800747] (-) TimerEvent: {}
[42.900977] (-) TimerEvent: {}
[43.001172] (-) TimerEvent: {}
[43.101374] (-) TimerEvent: {}
[43.201593] (-) TimerEvent: {}
[43.301844] (-) TimerEvent: {}
[43.402051] (-) TimerEvent: {}
[43.502271] (-) TimerEvent: {}
[43.602486] (-) TimerEvent: {}
[43.702728] (-) TimerEvent: {}
[43.802931] (-) TimerEvent: {}
[43.903165] (-) TimerEvent: {}
[44.003367] (-) TimerEvent: {}
[44.103582] (-) TimerEvent: {}
[44.203778] (-) TimerEvent: {}
[44.304004] (-) TimerEvent: {}
[44.404271] (-) TimerEvent: {}
[44.504448] (-) TimerEvent: {}
[44.604632] (-) TimerEvent: {}
[44.704889] (-) TimerEvent: {}
[44.805138] (-) TimerEvent: {}
[44.905295] (-) TimerEvent: {}
[45.005477] (-) TimerEvent: {}
[45.105668] (-) TimerEvent: {}
[45.205823] (-) TimerEvent: {}
[45.305988] (-) TimerEvent: {}
[45.406188] (-) TimerEvent: {}
[45.506354] (-) TimerEvent: {}
[45.606537] (-) TimerEvent: {}
[45.706731] (-) TimerEvent: {}
[45.806975] (-) TimerEvent: {}
[45.907234] (-) TimerEvent: {}
[46.007408] (-) TimerEvent: {}
[46.107598] (-) TimerEvent: {}
[46.207783] (-) TimerEvent: {}
[46.307956] (-) TimerEvent: {}
[46.408223] (-) TimerEvent: {}
[46.508400] (-) TimerEvent: {}
[46.608579] (-) TimerEvent: {}
[46.708747] (-) TimerEvent: {}
[46.808948] (-) TimerEvent: {}
[46.909146] (-) TimerEvent: {}
[47.009314] (-) TimerEvent: {}
[47.109506] (-) TimerEvent: {}
[47.209689] (-) TimerEvent: {}
[47.309851] (-) TimerEvent: {}
[47.410017] (-) TimerEvent: {}
[47.510206] (-) TimerEvent: {}
[47.610360] (-) TimerEvent: {}
[47.710529] (-) TimerEvent: {}
[47.810685] (-) TimerEvent: {}
[47.910930] (-) TimerEvent: {}
[48.011093] (-) TimerEvent: {}
[48.111317] (-) TimerEvent: {}
[48.211502] (-) TimerEvent: {}
[48.311677] (-) TimerEvent: {}
[48.411854] (-) TimerEvent: {}
[48.512029] (-) TimerEvent: {}
[48.612185] (-) TimerEvent: {}
[48.712342] (-) TimerEvent: {}
[48.812517] (-) TimerEvent: {}
[48.912698] (-) TimerEvent: {}
[49.012854] (-) TimerEvent: {}
[49.113033] (-) TimerEvent: {}
[49.213165] (-) TimerEvent: {}
[49.313323] (-) TimerEvent: {}
[49.413478] (-) TimerEvent: {}
[49.513657] (-) TimerEvent: {}
[49.613837] (-) TimerEvent: {}
[49.714012] (-) TimerEvent: {}
[49.814185] (-) TimerEvent: {}
[49.914353] (-) TimerEvent: {}
[50.014530] (-) TimerEvent: {}
[50.114712] (-) TimerEvent: {}
[50.214891] (-) TimerEvent: {}
[50.315084] (-) TimerEvent: {}
[50.415279] (-) TimerEvent: {}
[50.515464] (-) TimerEvent: {}
[50.615648] (-) TimerEvent: {}
[50.715837] (-) TimerEvent: {}
[50.816026] (-) TimerEvent: {}
[50.916171] (-) TimerEvent: {}
[51.016341] (-) TimerEvent: {}
[51.116586] (-) TimerEvent: {}
[51.216767] (-) TimerEvent: {}
[51.316943] (-) TimerEvent: {}
[51.417124] (-) TimerEvent: {}
[51.517285] (-) TimerEvent: {}
[51.617539] (-) TimerEvent: {}
[51.717707] (-) TimerEvent: {}
[51.817883] (-) TimerEvent: {}
[51.918154] (-) TimerEvent: {}
[52.018317] (-) TimerEvent: {}
[52.118489] (-) TimerEvent: {}
[52.218656] (-) TimerEvent: {}
[52.318830] (-) TimerEvent: {}
[52.418979] (-) TimerEvent: {}
[52.519165] (-) TimerEvent: {}
[52.619318] (-) TimerEvent: {}
[52.719492] (-) TimerEvent: {}
[52.819671] (-) TimerEvent: {}
[52.919860] (-) TimerEvent: {}
[53.020035] (-) TimerEvent: {}
[53.120174] (-) TimerEvent: {}
[53.220331] (-) TimerEvent: {}
[53.320508] (-) TimerEvent: {}
[53.420676] (-) TimerEvent: {}
[53.520835] (-) TimerEvent: {}
[53.621020] (-) TimerEvent: {}
[53.721189] (-) TimerEvent: {}
[53.821351] (-) TimerEvent: {}
[53.921516] (-) TimerEvent: {}
[54.021725] (-) TimerEvent: {}
[54.121901] (-) TimerEvent: {}
[54.222085] (-) TimerEvent: {}
[54.322274] (-) TimerEvent: {}
[54.422482] (-) TimerEvent: {}
[54.522661] (-) TimerEvent: {}
[54.622847] (-) TimerEvent: {}
[54.723022] (-) TimerEvent: {}
[54.823209] (-) TimerEvent: {}
[54.923387] (-) TimerEvent: {}
[55.023589] (-) TimerEvent: {}
[55.123787] (-) TimerEvent: {}
[55.223980] (-) TimerEvent: {}
[55.324178] (-) TimerEvent: {}
[55.424347] (-) TimerEvent: {}
[55.524537] (-) TimerEvent: {}
[55.624726] (-) TimerEvent: {}
[55.724917] (-) TimerEvent: {}
[55.825131] (-) TimerEvent: {}
[55.925325] (-) TimerEvent: {}
[56.025520] (-) TimerEvent: {}
[56.125701] (-) TimerEvent: {}
[56.225878] (-) TimerEvent: {}
[56.291704] (recovery_manager) StdoutLine: {'line': b'[100%] Linking CXX executable recovery_manager_node\n'}
[56.326021] (-) TimerEvent: {}
[56.426244] (-) TimerEvent: {}
[56.491678] (recovery_manager) StdoutLine: {'line': b'[100%] Built target recovery_manager_node\n'}
[56.502732] (recovery_manager) CommandEnded: {'returncode': 0}
[56.503821] (recovery_manager) JobProgress: {'identifier': 'recovery_manager', 'progress': 'install'}
[56.504127] (recovery_manager) Command: {'cmd': ['/home/u_ramesa2/micromamba/envs/ros_env_jazzy/bin/cmake', '--install', '/mnt/external/DIY/CameraModule/autonomous_rc/build/recovery_manager'], 'cwd': '/mnt/external/DIY/CameraModule/autonomous_rc/build/recovery_manager', 'env': OrderedDict({'CONDA_PROMPT_MODIFIER': '(ros_env_jazzy)', 'ROS_ETC_DIR': '/home/u_ramesa2/micromamba/envs/ros_env_jazzy/etc/ros', 'SHLVL': '0', 'LD_LIBRARY_PATH': '/mnt/external/DIY/CameraModule/autonomous_rc/install/safety_manager/lib', 'HOME': '/home/u_ramesa2', 'CONDA_SHLVL': '1', 'OLDPWD': '/mnt/external/DIY/CameraModule/autonomous_rc', 'ROS_PYTHON_VERSION': '3', 'GTK_MODULES': 'appmenu-gtk-module', 'LC_CTYPE': 'C.UTF-8', 'UBUNTU_MENUPROXY': '1', 'ROS_DISTRO': 'jazzy', '_': '/home/u_ramesa2/micromamba/envs/ros_env_jazzy/bin/colcon', 'ROS_VERSION': '2', 'ROS_OS_OVERRIDE': 'conda:linux', 'PATH': '/usr/local/cuda/bin:/home/u_ramesa2/micromamba/envs/ros_env_jazzy/bin:/home/u_ramesa2/micromamba/condabin:/home/u_ramesa2/.local/bin:/usr/local/sbin:/usr/local/bin:/usr/sbin:/usr/bin:/sbin:/bin:/snap/bin:/opt/puppetlabs/bin', 'MAMBA_ROOT_PREFIX': '/home/u_ramesa2/micromamba', 'XML_CATALOG_FILES': 'file:///home/u_ramesa2/micromamba/envs/ros_env_jazzy/etc/xml/catalog file:///etc/xml/catalog', 'GSETTINGS_SCHEMA_DIR': '/home/u_ramesa2/micromamba/envs/ros_env_jazzy/share/glib-2.0/schemas', 'AMENT_PREFIX_PATH': '/mnt/external/DIY/CameraModule/autonomous_rc/install/safety_manager:/home/u_ramesa2/micromamba/envs/ros_env_jazzy', 'CONDA_DEFAULT_ENV': 'ros_env_jazzy', 'ROS_AUTOMATIC_DISCOVERY_RANGE': 'SUBNET', 'PWD': '/mnt/external/DIY/CameraModule/autonomous_rc/build/recovery_manager', 'XDG_DATA_DIRS': '/usr/share/gnome:/home/u_ramesa2/.local/share/flatpak/exports/share:/var/lib/flatpak/exports/share:/usr/local/share:/usr/share:/var/lib/snapd/desktop', 'PYTHONPATH': '/mnt/external/DIY/CameraModule/autonomous_rc/install/safety_manager/lib/python3.12/site-packages:/home/u_ramesa2/micromamba/envs/ros_env_jazzy/lib/python/site-packages:/home/u_ramesa2/micromamba/envs/ros_env_jazzy/lib/python3.12/site-packages', 'CONDA_PREFIX': '/home/u_ramesa2/micromamba/envs/ros_env_jazzy', 'GSETTINGS_SCHEMA_DIR_CONDA_BACKUP': '', 'COLCON': '1', 'MANPATH': ':/opt/puppetlabs/puppet/share/man', 'CMAKE_PREFIX_PATH': '/mnt/external/DIY/CameraModule/autonomous_rc/install/safety_manager:/home/u_ramesa2/micromamba/envs/ros_env_jazzy'}), 'shell': False}
[56.511754] (recovery_manager) StdoutLine: {'line': b'-- Install configuration: "Release"\n'}
[56.512186] (recovery_manager) StdoutLine: {'line': b'-- Execute custom install script\n'}
[56.512510] (recovery_manager) StdoutLine: {'line': b'-- Symlinking: /mnt/external/DIY/CameraModule/autonomous_rc/install/recovery_manager/lib/recovery_manager/recovery_manager_node\n'}
[56.520206] (recovery_manager) StdoutLine: {'line': b'-- Symlinking: /mnt/external/DIY/CameraModule/autonomous_rc/install/recovery_manager/lib/libdwa_planner.a\n'}
[56.526349] (-) TimerEvent: {}
[56.530077] (recovery_manager) StdoutLine: {'line': b'-- Symlinking: /mnt/external/DIY/CameraModule/autonomous_rc/install/recovery_manager/share/recovery_manager/launch/recovery_manager.launch.py\n'}
[56.538684] (recovery_manager) StdoutLine: {'line': b'-- Symlinking: /mnt/external/DIY/CameraModule/autonomous_rc/install/recovery_manager/share/ament_index/resource_index/package_run_dependencies/recovery_manager\n'}
[56.546445] (recovery_manager) StdoutLine: {'line': b'-- Symlinking: /mnt/external/DIY/CameraModule/autonomous_rc/install/recovery_manager/share/ament_index/resource_index/parent_prefix_path/recovery_manager\n'}
[56.554680] (recovery_manager) StdoutLine: {'line': b'-- Symlinking: /mnt/external/DIY/CameraModule/autonomous_rc/install/recovery_manager/share/recovery_manager/environment/ament_prefix_path.sh\n'}
[56.563089] (recovery_manager) StdoutLine: {'line': b'-- Symlinking: /mnt/external/DIY/CameraModule/autonomous_rc/install/recovery_manager/share/recovery_manager/environment/ament_prefix_path.dsv\n'}
[56.571330] (recovery_manager) StdoutLine: {'line': b'-- Symlinking: /mnt/external/DIY/CameraModule/autonomous_rc/install/recovery_manager/share/recovery_manager/environment/path.sh\n'}
[56.578942] (recovery_manager) StdoutLine: {'line': b'-- Symlinking: /mnt/external/DIY/CameraModule/autonomous_rc/install/recovery_manager/share/recovery_manager/environment/path.dsv\n'}
[56.588753] (recovery_manager) StdoutLine: {'line': b'-- Symlinking: /mnt/external/DIY/CameraModule/autonomous_rc/install/recovery_manager/share/recovery_manager/local_setup.bash\n'}
[56.597883] (recovery_manager) StdoutLine: {'line': b'-- Symlinking: /mnt/external/DIY/CameraModule/autonomous_rc/install/recovery_manager/share/recovery_manager/local_setup.sh\n'}
[56.606647] (recovery_manager) StdoutLine: {'line': b'-- Symlinking: /mnt/external/DIY/CameraModule/autonomous_rc/install/recovery_manager/share/recovery_manager/local_setup.zsh\n'}
[56.614202] (recovery_manager) StdoutLine: {'line': b'-- Symlinking: /mnt/external/DIY/CameraModule/autonomous_rc/install/recovery_manager/share/recovery_manager/local_setup.dsv\n'}
[56.623328] (recovery_manager) StdoutLine: {'line': b'-- Symlinking: /mnt/external/DIY/CameraModule/autonomous_rc/install/recovery_manager/share/recovery_manager/package.dsv\n'}
[56.626414] (-) TimerEvent: {}
[56.631077] (recovery_manager) StdoutLine: {'line': b'-- Symlinking: /mnt/external/DIY/CameraModule/autonomous_rc/install/recovery_manager/share/ament_index/resource_index/packages/recovery_manager\n'}
[56.639916] (recovery_manager) StdoutLine: {'line': b'-- Symlinking: /mnt/external/DIY/CameraModule/autonomous_rc/install/recovery_manager/share/recovery_manager/cmake/recovery_managerConfig.cmake\n'}
[56.648111] (recovery_manager) StdoutLine: {'line': b'-- Symlinking: /mnt/external/DIY/CameraModule/autonomous_rc/install/recovery_manager/share/recovery_manager/cmake/recovery_managerConfig-version.cmake\n'}
[56.657637] (recovery_manager) StdoutLine: {'line': b'-- Symlinking: /mnt/external/DIY/CameraModule/autonomous_rc/install/recovery_manager/share/recovery_manager/package.xml\n'}
[56.669448] (recovery_manager) CommandEnded: {'returncode': 0}
[56.687441] (recovery_manager) JobEnded: {'identifier': 'recovery_manager', 'rc': 0}
[56.726523] (-) TimerEvent: {}
[56.826711] (-) TimerEvent: {}
[56.926963] (-) TimerEvent: {}
[57.027155] (-) TimerEvent: {}
[57.127419] (-) TimerEvent: {}
[57.227680] (-) TimerEvent: {}
[57.327876] (-) TimerEvent: {}
[57.428123] (-) TimerEvent: {}
[57.528310] (-) TimerEvent: {}
[57.628543] (-) TimerEvent: {}
[57.728761] (-) TimerEvent: {}
[57.828992] (-) TimerEvent: {}
[57.929175] (-) TimerEvent: {}
[58.029381] (-) TimerEvent: {}
[58.129600] (-) TimerEvent: {}
[58.229831] (-) TimerEvent: {}
[58.330023] (-) TimerEvent: {}
[58.430240] (-) TimerEvent: {}
[58.457792] (controller) StdoutLine: {'line': b'[100%] Linking CXX executable pure_pursuit_node\n'}
[58.530336] (-) TimerEvent: {}
[58.595280] (diagnostics) StdoutLine: {'line': b'[100%] Linking CXX executable system_health_node\n'}
[58.630442] (-) TimerEvent: {}
[58.685147] (controller) StdoutLine: {'line': b'[100%] Built target pure_pursuit_node\n'}
[58.695639] (controller) CommandEnded: {'returncode': 0}
[58.696595] (controller) JobProgress: {'identifier': 'controller', 'progress': 'install'}
[58.696863] (controller) Command: {'cmd': ['/home/u_ramesa2/micromamba/envs/ros_env_jazzy/bin/cmake', '--install', '/mnt/external/DIY/CameraModule/autonomous_rc/build/controller'], 'cwd': '/mnt/external/DIY/CameraModule/autonomous_rc/build/controller', 'env': OrderedDict({'CONDA_PROMPT_MODIFIER': '(ros_env_jazzy)', 'ROS_ETC_DIR': '/home/u_ramesa2/micromamba/envs/ros_env_jazzy/etc/ros', 'SHLVL': '0', 'LD_LIBRARY_PATH': '/mnt/external/DIY/CameraModule/autonomous_rc/install/safety_manager/lib', 'HOME': '/home/u_ramesa2', 'CONDA_SHLVL': '1', 'OLDPWD': '/mnt/external/DIY/CameraModule/autonomous_rc', 'ROS_PYTHON_VERSION': '3', 'GTK_MODULES': 'appmenu-gtk-module', 'LC_CTYPE': 'C.UTF-8', 'UBUNTU_MENUPROXY': '1', 'ROS_DISTRO': 'jazzy', '_': '/home/u_ramesa2/micromamba/envs/ros_env_jazzy/bin/colcon', 'ROS_VERSION': '2', 'ROS_OS_OVERRIDE': 'conda:linux', 'PATH': '/usr/local/cuda/bin:/home/u_ramesa2/micromamba/envs/ros_env_jazzy/bin:/home/u_ramesa2/micromamba/condabin:/home/u_ramesa2/.local/bin:/usr/local/sbin:/usr/local/bin:/usr/sbin:/usr/bin:/sbin:/bin:/snap/bin:/opt/puppetlabs/bin', 'MAMBA_ROOT_PREFIX': '/home/u_ramesa2/micromamba', 'XML_CATALOG_FILES': 'file:///home/u_ramesa2/micromamba/envs/ros_env_jazzy/etc/xml/catalog file:///etc/xml/catalog', 'GSETTINGS_SCHEMA_DIR': '/home/u_ramesa2/micromamba/envs/ros_env_jazzy/share/glib-2.0/schemas', 'AMENT_PREFIX_PATH': '/mnt/external/DIY/CameraModule/autonomous_rc/install/safety_manager:/home/u_ramesa2/micromamba/envs/ros_env_jazzy', 'CONDA_DEFAULT_ENV': 'ros_env_jazzy', 'ROS_AUTOMATIC_DISCOVERY_RANGE': 'SUBNET', 'PWD': '/mnt/external/DIY/CameraModule/autonomous_rc/build/controller', 'XDG_DATA_DIRS': '/usr/share/gnome:/home/u_ramesa2/.local/share/flatpak/exports/share:/var/lib/flatpak/exports/share:/usr/local/share:/usr/share:/var/lib/snapd/desktop', 'PYTHONPATH': '/mnt/external/DIY/CameraModule/autonomous_rc/install/safety_manager/lib/python3.12/site-packages:/home/u_ramesa2/micromamba/envs/ros_env_jazzy/lib/python/site-packages:/home/u_ramesa2/micromamba/envs/ros_env_jazzy/lib/python3.12/site-packages', 'CONDA_PREFIX': '/home/u_ramesa2/micromamba/envs/ros_env_jazzy', 'GSETTINGS_SCHEMA_DIR_CONDA_BACKUP': '', 'COLCON': '1', 'MANPATH': ':/opt/puppetlabs/puppet/share/man', 'CMAKE_PREFIX_PATH': '/mnt/external/DIY/CameraModule/autonomous_rc/install/safety_manager:/home/u_ramesa2/micromamba/envs/ros_env_jazzy'}), 'shell': False}
[58.703559] (controller) StdoutLine: {'line': b'-- Install configuration: "Release"\n'}
[58.704036] (controller) StdoutLine: {'line': b'-- Execute custom install script\n'}
[58.704406] (controller) StdoutLine: {'line': b'-- Symlinking: /mnt/external/DIY/CameraModule/autonomous_rc/install/controller/lib/controller/pure_pursuit_node\n'}
[58.711788] (controller) StdoutLine: {'line': b'-- Symlinking: /mnt/external/DIY/CameraModule/autonomous_rc/install/controller/lib/libsteering_controllers.a\n'}
[58.720186] (controller) StdoutLine: {'line': b'-- Symlinking: /mnt/external/DIY/CameraModule/autonomous_rc/install/controller/share/controller/launch/controller.launch.py\n'}
[58.729305] (controller) StdoutLine: {'line': b'-- Symlinking: /mnt/external/DIY/CameraModule/autonomous_rc/install/controller/share/ament_index/resource_index/package_run_dependencies/controller\n'}
[58.730521] (-) TimerEvent: {}
[58.738047] (controller) StdoutLine: {'line': b'-- Symlinking: /mnt/external/DIY/CameraModule/autonomous_rc/install/controller/share/ament_index/resource_index/parent_prefix_path/controller\n'}
[58.745837] (controller) StdoutLine: {'line': b'-- Symlinking: /mnt/external/DIY/CameraModule/autonomous_rc/install/controller/share/controller/environment/ament_prefix_path.sh\n'}
[58.753828] (controller) StdoutLine: {'line': b'-- Symlinking: /mnt/external/DIY/CameraModule/autonomous_rc/install/controller/share/controller/environment/ament_prefix_path.dsv\n'}
[58.761318] (controller) StdoutLine: {'line': b'-- Symlinking: /mnt/external/DIY/CameraModule/autonomous_rc/install/controller/share/controller/environment/path.sh\n'}
[58.769314] (controller) StdoutLine: {'line': b'-- Symlinking: /mnt/external/DIY/CameraModule/autonomous_rc/install/controller/share/controller/environment/path.dsv\n'}
[58.778500] (controller) StdoutLine: {'line': b'-- Symlinking: /mnt/external/DIY/CameraModule/autonomous_rc/install/controller/share/controller/local_setup.bash\n'}
[58.786267] (controller) StdoutLine: {'line': b'-- Symlinking: /mnt/external/DIY/CameraModule/autonomous_rc/install/controller/share/controller/local_setup.sh\n'}
[58.791353] (diagnostics) StdoutLine: {'line': b'[100%] Built target system_health_node\n'}
[58.793831] (controller) StdoutLine: {'line': b'-- Symlinking: /mnt/external/DIY/CameraModule/autonomous_rc/install/controller/share/controller/local_setup.zsh\n'}
[58.801828] (controller) StdoutLine: {'line': b'-- Symlinking: /mnt/external/DIY/CameraModule/autonomous_rc/install/controller/share/controller/local_setup.dsv\n'}
[58.803291] (diagnostics) CommandEnded: {'returncode': 0}
[58.804356] (diagnostics) JobProgress: {'identifier': 'diagnostics', 'progress': 'install'}
[58.804764] (diagnostics) Command: {'cmd': ['/home/u_ramesa2/micromamba/envs/ros_env_jazzy/bin/cmake', '--install', '/mnt/external/DIY/CameraModule/autonomous_rc/build/diagnostics'], 'cwd': '/mnt/external/DIY/CameraModule/autonomous_rc/build/diagnostics', 'env': OrderedDict({'CONDA_PROMPT_MODIFIER': '(ros_env_jazzy)', 'ROS_ETC_DIR': '/home/u_ramesa2/micromamba/envs/ros_env_jazzy/etc/ros', 'SHLVL': '0', 'LD_LIBRARY_PATH': '/mnt/external/DIY/CameraModule/autonomous_rc/install/safety_manager/lib', 'HOME': '/home/u_ramesa2', 'CONDA_SHLVL': '1', 'OLDPWD': '/mnt/external/DIY/CameraModule/autonomous_rc', 'ROS_PYTHON_VERSION': '3', 'GTK_MODULES': 'appmenu-gtk-module', 'LC_CTYPE': 'C.UTF-8', 'UBUNTU_MENUPROXY': '1', 'ROS_DISTRO': 'jazzy', '_': '/home/u_ramesa2/micromamba/envs/ros_env_jazzy/bin/colcon', 'ROS_VERSION': '2', 'ROS_OS_OVERRIDE': 'conda:linux', 'PATH': '/usr/local/cuda/bin:/home/u_ramesa2/micromamba/envs/ros_env_jazzy/bin:/home/u_ramesa2/micromamba/condabin:/home/u_ramesa2/.local/bin:/usr/local/sbin:/usr/local/bin:/usr/sbin:/usr/bin:/sbin:/bin:/snap/bin:/opt/puppetlabs/bin', 'MAMBA_ROOT_PREFIX': '/home/u_ramesa2/micromamba', 'XML_CATALOG_FILES': 'file:///home/u_ramesa2/micromamba/envs/ros_env_jazzy/etc/xml/catalog file:///etc/xml/catalog', 'GSETTINGS_SCHEMA_DIR': '/home/u_ramesa2/micromamba/envs/ros_env_jazzy/share/glib-2.0/schemas', 'AMENT_PREFIX_PATH': '/mnt/external/DIY/CameraModule/autonomous_rc/install/safety_manager:/home/u_ramesa2/micromamba/envs/ros_env_jazzy', 'CONDA_DEFAULT_ENV': 'ros_env_jazzy', 'ROS_AUTOMATIC_DISCOVERY_RANGE': 'SUBNET', 'PWD': '/mnt/external/DIY/CameraModule/autonomous_rc/build/diagnostics', 'XDG_DATA_DIRS': '/usr/share/gnome:/home/u_ramesa2/.local/share/flatpak/exports/share:/var/lib/flatpak/exports/share:/usr/local/share:/usr/share:/var/lib/snapd/desktop', 'PYTHONPATH': '/mnt/external/DIY/CameraModule/autonomous_rc/install/safety_manager/lib/python3.12/site-packages:/home/u_ramesa2/micromamba/envs/ros_env_jazzy/lib/python/site-packages:/home/u_ramesa2/micromamba/envs/ros_env_jazzy/lib/python3.12/site-packages', 'CONDA_PREFIX': '/home/u_ramesa2/micromamba/envs/ros_env_jazzy', 'GSETTINGS_SCHEMA_DIR_CONDA_BACKUP': '', 'COLCON': '1', 'MANPATH': ':/opt/puppetlabs/puppet/share/man', 'CMAKE_PREFIX_PATH': '/mnt/external/DIY/CameraModule/autonomous_rc/install/safety_manager:/home/u_ramesa2/micromamba/envs/ros_env_jazzy'}), 'shell': False}
[58.809515] (controller) StdoutLine: {'line': b'-- Symlinking: /mnt/external/DIY/CameraModule/autonomous_rc/install/controller/share/controller/package.dsv\n'}
[58.811223] (diagnostics) StdoutLine: {'line': b'-- Install configuration: "Release"\n'}
[58.811811] (diagnostics) StdoutLine: {'line': b'-- Execute custom install script\n'}
[58.812516] (diagnostics) StdoutLine: {'line': b'-- Symlinking: /mnt/external/DIY/CameraModule/autonomous_rc/install/diagnostics/lib/diagnostics/system_health_node\n'}
[58.816832] (controller) StdoutLine: {'line': b'-- Symlinking: /mnt/external/DIY/CameraModule/autonomous_rc/install/controller/share/ament_index/resource_index/packages/controller\n'}
[58.819850] (diagnostics) StdoutLine: {'line': b'-- Symlinking: /mnt/external/DIY/CameraModule/autonomous_rc/install/diagnostics/lib/libgpu_cpu_monitor.a\n'}
[58.823966] (controller) StdoutLine: {'line': b'-- Symlinking: /mnt/external/DIY/CameraModule/autonomous_rc/install/controller/share/controller/cmake/controllerConfig.cmake\n'}
[58.827655] (diagnostics) StdoutLine: {'line': b'-- Symlinking: /mnt/external/DIY/CameraModule/autonomous_rc/install/diagnostics/lib/diagnostics/record_bag.py\n'}
[58.830626] (-) TimerEvent: {}
[58.830983] (controller) StdoutLine: {'line': b'-- Symlinking: /mnt/external/DIY/CameraModule/autonomous_rc/install/controller/share/controller/cmake/controllerConfig-version.cmake\n'}
[58.835340] (diagnostics) StdoutLine: {'line': b'-- Symlinking: /mnt/external/DIY/CameraModule/autonomous_rc/install/diagnostics/lib/diagnostics/clear_estop.py\n'}
[58.840878] (controller) StdoutLine: {'line': b'-- Symlinking: /mnt/external/DIY/CameraModule/autonomous_rc/install/controller/share/controller/package.xml\n'}
[58.843745] (diagnostics) StdoutLine: {'line': b'-- Symlinking: /mnt/external/DIY/CameraModule/autonomous_rc/install/diagnostics/lib/diagnostics/gpu_profile.py\n'}
[58.849845] (controller) CommandEnded: {'returncode': 0}
[58.873134] (controller) JobEnded: {'identifier': 'controller', 'rc': 0}
[58.873853] (diagnostics) StdoutLine: {'line': b'-- Symlinking: /mnt/external/DIY/CameraModule/autonomous_rc/install/diagnostics/share/diagnostics/launch/diagnostics.launch.py\n'}
[58.874225] (diagnostics) StdoutLine: {'line': b'-- Symlinking: /mnt/external/DIY/CameraModule/autonomous_rc/install/diagnostics/share/ament_index/resource_index/package_run_dependencies/diagnostics\n'}
[58.874475] (diagnostics) StdoutLine: {'line': b'-- Symlinking: /mnt/external/DIY/CameraModule/autonomous_rc/install/diagnostics/share/ament_index/resource_index/parent_prefix_path/diagnostics\n'}
[58.882737] (diagnostics) StdoutLine: {'line': b'-- Symlinking: /mnt/external/DIY/CameraModule/autonomous_rc/install/diagnostics/share/diagnostics/environment/ament_prefix_path.sh\n'}
[58.893552] (diagnostics) StdoutLine: {'line': b'-- Symlinking: /mnt/external/DIY/CameraModule/autonomous_rc/install/diagnostics/share/diagnostics/environment/ament_prefix_path.dsv\n'}
[58.909629] (diagnostics) StdoutLine: {'line': b'-- Symlinking: /mnt/external/DIY/CameraModule/autonomous_rc/install/diagnostics/share/diagnostics/environment/path.sh\n'}
[58.927321] (diagnostics) StdoutLine: {'line': b'-- Symlinking: /mnt/external/DIY/CameraModule/autonomous_rc/install/diagnostics/share/diagnostics/environment/path.dsv\n'}
[58.930758] (-) TimerEvent: {}
[58.939657] (diagnostics) StdoutLine: {'line': b'-- Symlinking: /mnt/external/DIY/CameraModule/autonomous_rc/install/diagnostics/share/diagnostics/local_setup.bash\n'}
[58.951286] (diagnostics) StdoutLine: {'line': b'-- Symlinking: /mnt/external/DIY/CameraModule/autonomous_rc/install/diagnostics/share/diagnostics/local_setup.sh\n'}
[58.959827] (diagnostics) StdoutLine: {'line': b'-- Symlinking: /mnt/external/DIY/CameraModule/autonomous_rc/install/diagnostics/share/diagnostics/local_setup.zsh\n'}
[58.966566] (diagnostics) StdoutLine: {'line': b'-- Symlinking: /mnt/external/DIY/CameraModule/autonomous_rc/install/diagnostics/share/diagnostics/local_setup.dsv\n'}
[58.973646] (diagnostics) StdoutLine: {'line': b'-- Symlinking: /mnt/external/DIY/CameraModule/autonomous_rc/install/diagnostics/share/diagnostics/package.dsv\n'}
[58.981058] (diagnostics) StdoutLine: {'line': b'-- Symlinking: /mnt/external/DIY/CameraModule/autonomous_rc/install/diagnostics/share/ament_index/resource_index/packages/diagnostics\n'}
[58.990172] (diagnostics) StdoutLine: {'line': b'-- Symlinking: /mnt/external/DIY/CameraModule/autonomous_rc/install/diagnostics/share/diagnostics/cmake/diagnosticsConfig.cmake\n'}
[58.998446] (diagnostics) StdoutLine: {'line': b'-- Symlinking: /mnt/external/DIY/CameraModule/autonomous_rc/install/diagnostics/share/diagnostics/cmake/diagnosticsConfig-version.cmake\n'}
[59.006530] (diagnostics) StdoutLine: {'line': b'-- Symlinking: /mnt/external/DIY/CameraModule/autonomous_rc/install/diagnostics/share/diagnostics/package.xml\n'}
[59.015790] (diagnostics) CommandEnded: {'returncode': 0}
[59.030871] (-) TimerEvent: {}
[59.032023] (diagnostics) JobEnded: {'identifier': 'diagnostics', 'rc': 0}
[59.032587] (-) EventReactorShutdown: {}
